Key,Date,From,To,Label,Teams Involved,Player Trade,Rights/Pick Trade
2021-01-16_Cavaliers_Nets_Pacers_Rockets=Dante Exum+Jarrett Allen,2021-01-16,Jarrett Allen,Dante Exum,Cavaliers Aquire: Jarrett Allen | Rockets Aquire: Dante Exum,"['Rockets', 'Cavaliers', 'Pacers', 'Nets']",True,False
2021-01-16_Cavaliers_Nets_Pacers_Rockets=Jarrett Allen+MarJon Beauchamp,2021-01-16,Jarrett Allen,MarJon Beauchamp,Cavaliers Aquire: Jarrett Allen | Rockets Aquire: 2022 first round pick (#24-MarJon Beauchamp),"['Rockets', 'Cavaliers', 'Pacers', 'Nets']",True,True
2021-01-16_Cavaliers_Nets_Pacers_Rockets=Dante Exum+Taurean Prince,2021-01-16,Taurean Prince,Dante Exum,Cavaliers Aquire: Taurean Prince | Rockets Aquire: Dante Exum,"['Rockets', 'Cavaliers', 'Pacers', 'Nets']",True,False
2021-01-16_Cavaliers_Nets_Pacers_Rockets=MarJon Beauchamp+Taurean Prince,2021-01-16,Taurean Prince,MarJon Beauchamp,Cavaliers Aquire: Taurean Prince | Rockets Aquire: 2022 first round pick (#24-MarJon Beauchamp),"['Rockets', 'Cavaliers', 'Pacers', 'Nets']",True,True
2021-01-16_Cavaliers_Nets_Pacers_Rockets=Aleksandar Vezenkov+Dante Exum,2021-01-16,Aleksandar Vezenkov,Dante Exum,Cavaliers Aquire: Rights to Aleksandar Vezenkov | Rockets Aquire: Dante Exum,"['Rockets', 'Cavaliers', 'Pacers', 'Nets']",True,True
2021-01-16_Cavaliers_Nets_Pacers_Rockets=Aleksandar Vezenkov+MarJon Beauchamp,2021-01-16,Aleksandar Vezenkov,MarJon Beauchamp,Cavaliers Aquire: Rights to Aleksandar Vezenkov | Rockets Aquire: 2022 first round pick (#24-MarJon Beauchamp),"['Rockets', 'Cavaliers', 'Pacers', 'Nets']",False,True
2021-01-16_Cavaliers_Nets_Pacers_Rockets=James Harden+Jarrett Allen,2021-01-16,James Harden,Jarrett Allen,Nets Aquire: James Harden | Cavaliers Aquire: Jarrett Allen,"['Rockets', 'Cavaliers', 'Pacers', 'Nets']",True,False
2021-01-16_Cavaliers_Nets_Pacers_Rockets=James Harden+Rodions Kurucs,2021-01-16,James Harden,Rodions Kurucs,Nets Aquire: James Harden | Rockets Aquire: Rodions Kurucs,"['Rockets', 'Cavaliers', 'Pacers', 'Nets']",True,False
2021-01-16_Cavaliers_Nets_Pacers_Rockets=Caris LeVert+James Harden,2021-01-16,James Harden,Caris LeVert,Nets Aquire: James Harden | Pacers Aquire: Caris LeVert,"['Rockets', 'Cavaliers', 'Pacers', 'Nets']",True,False
2021-01-16_Cavaliers_Nets_Pacers_Rockets=James Harden+Taurean Prince,2021-01-16,James Harden,Taurean Prince,Nets Aquire: James Harden | Cavaliers Aquire: Taurean Prince,"['Rockets', 'Cavaliers', 'Pacers', 'Nets']",True,False
2021-01-16_Cavaliers_Nets_Pacers_Rockets=Aleksandar Vezenkov+James Harden,2021-01-16,James Harden,Aleksandar Vezenkov,Nets Aquire: James Harden | Cavaliers Aquire: Rights to Aleksandar Vezenkov,"['Rockets', 'Cavaliers', 'Pacers', 'Nets']",True,True
2021-01-16_Cavaliers_Nets_Pacers_Rockets=James Harden+Tari Eason,2021-01-16,James Harden,Tari Eason,Nets Aquire: James Harden | Rockets Aquire: 2022 first round pick (#17-Tari Eason),"['Rockets', 'Cavaliers', 'Pacers', 'Nets']",True,True
2021-01-16_Cavaliers_Nets_Pacers_Rockets=Caris LeVert+Victor Oladipo,2021-01-16,Caris LeVert,Victor Oladipo,Pacers Aquire: Caris LeVert | Rockets Aquire: Victor Oladipo,"['Rockets', 'Cavaliers', 'Pacers', 'Nets']",True,False
2021-01-16_Cavaliers_Nets_Pacers_Rockets=James Harden+Victor Oladipo,2021-01-16,Victor Oladipo,James Harden,Rockets Aquire: Victor Oladipo | Nets Aquire: James Harden,"['Rockets', 'Cavaliers', 'Pacers', 'Nets']",True,False
2021-01-16_Cavaliers_Nets_Pacers_Rockets=Dante Exum+James Harden,2021-01-16,Dante Exum,James Harden,Rockets Aquire: Dante Exum | Nets Aquire: James Harden,"['Rockets', 'Cavaliers', 'Pacers', 'Nets']",True,False
2021-01-16_Cavaliers_Nets_Pacers_Rockets=James Harden+MarJon Beauchamp,2021-01-16,MarJon Beauchamp,James Harden,Rockets Aquire: 2022 first round pick (from Cavaliers) (#24-MarJon Beauchamp) | Nets Aquire: James Harden,"['Rockets', 'Cavaliers', 'Pacers', 'Nets']",True,True
2021-02-08_Knicks_Pistons=Dennis Smith Jr.+Derrick Rose,2021-02-08,Derrick Rose,Dennis Smith Jr.,Knicks Aquire: Derrick Rose | Pistons Aquire: Dennis Smith Jr.,"['Knicks', 'Pistons']",True,False
2021-02-08_Knicks_Pistons=Derrick Rose+Isaiah Livers,2021-02-08,Derrick Rose,Isaiah Livers,Knicks Aquire: Derrick Rose | Pistons Aquire: 2021 second round pick (#42-Isaiah Livers),"['Knicks', 'Pistons']",True,True
2021-03-13_Pistons_Thunder=Hamidou Diallo+Sviatoslav Mykhailiuk / Svi Mykhailiuk,2021-03-13,Hamidou Diallo,Sviatoslav Mykhailiuk / Svi Mykhailiuk,Pistons Aquire: Hamidou Diallo | Thunder Aquire: Sviatoslav Mykhailiuk / Svi Mykhailiuk,"['Pistons', 'Thunder']",True,False
2021-03-17_Heat_Thunder=Meyers Leonard+Trevor Ariza,2021-03-17,Trevor Ariza,Meyers Leonard,Heat Aquire: Trevor Ariza | Thunder Aquire: Meyers Leonard,"['Heat', 'Thunder']",True,False
2021-03-19_Bucks_Rockets=D.J. Augustin+P.J. Tucker,2021-03-19,P.J. Tucker,D.J. Augustin,Bucks Aquire: P.J. Tucker | Rockets Aquire: D.J. Augustin,"['Bucks', 'Rockets']",True,False
2021-03-19_Bucks_Rockets=D.J. Wilson+P.J. Tucker,2021-03-19,P.J. Tucker,D.J. Wilson,Bucks Aquire: P.J. Tucker | Rockets Aquire: D.J. Wilson,"['Bucks', 'Rockets']",True,False
2021-03-19_Bucks_Rockets=Josh Christopher+P.J. Tucker,2021-03-19,P.J. Tucker,Josh Christopher,"Bucks Aquire: P.J. Tucker | Rockets Aquire: Rockets option to swap 2021 second round pick (more favorable of 76ers, Rockets picks) with Bucks 2021 first round pick (#24-Josh Christopher)","['Bucks', 'Rockets']",True,True
2021-03-19_Bucks_Rockets=D.J. Augustin+Rodions Kurucs,2021-03-19,Rodions Kurucs,D.J. Augustin,Bucks Aquire: Rodions Kurucs | Rockets Aquire: D.J. Augustin,"['Bucks', 'Rockets']",True,False
2021-03-19_Bucks_Rockets=D.J. Wilson+Rodions Kurucs,2021-03-19,Rodions Kurucs,D.J. Wilson,Bucks Aquire: Rodions Kurucs | Rockets Aquire: D.J. Wilson,"['Bucks', 'Rockets']",True,False
2021-03-19_Bucks_Rockets=Josh Christopher+Rodions Kurucs,2021-03-19,Rodions Kurucs,Josh Christopher,"Bucks Aquire: Rodions Kurucs | Rockets Aquire: Rockets option to swap 2021 second round pick (more favorable of 76ers, Rockets picks) with Bucks 2021 first round pick (#24-Josh Christopher)","['Bucks', 'Rockets']",True,True
2021-03-19_Bucks_Rockets=D.J. Augustin+Isaiah Todd,2021-03-19,Isaiah Todd,D.J. Augustin,"Bucks Aquire: Rockets option to swap 2021 second round pick (more favorable of 76ers, Rockets picks) with Bucks 2021 first round pick (#31-Isaiah Todd) | Rockets Aquire: D.J. Augustin","['Bucks', 'Rockets']",True,True
2021-03-19_Bucks_Rockets=D.J. Wilson+Isaiah Todd,2021-03-19,Isaiah Todd,D.J. Wilson,"Bucks Aquire: Rockets option to swap 2021 second round pick (more favorable of 76ers, Rockets picks) with Bucks 2021 first round pick (#31-Isaiah Todd) | Rockets Aquire: D.J. Wilson","['Bucks', 'Rockets']",True,True
2021-03-19_Bucks_Rockets=Isaiah Todd+Josh Christopher,2021-03-19,Isaiah Todd,Josh Christopher,"Bucks Aquire: Rockets option to swap 2021 second round pick (more favorable of 76ers, Rockets picks) with Bucks 2021 first round pick (#31-Isaiah Todd) | Rockets Aquire: Rockets option to swap 2021 second round pick (more favorable of 76ers, Rockets picks) with Bucks 2021 first round pick (#24-Josh Christopher)","['Bucks', 'Rockets']",False,True
2021-03-19_Bucks_Rockets=D.J. Augustin+MarJon Beauchamp,2021-03-19,MarJon Beauchamp,D.J. Augustin,Bucks Aquire: 2022 first round pick (#24-MarJon Beauchamp) | Rockets Aquire: D.J. Augustin,"['Bucks', 'Rockets']",True,True
2021-03-19_Bucks_Rockets=D.J. Wilson+MarJon Beauchamp,2021-03-19,MarJon Beauchamp,D.J. Wilson,Bucks Aquire: 2022 first round pick (#24-MarJon Beauchamp) | Rockets Aquire: D.J. Wilson,"['Bucks', 'Rockets']",True,True
2021-03-19_Bucks_Rockets=Josh Christopher+MarJon Beauchamp,2021-03-19,MarJon Beauchamp,Josh Christopher,"Bucks Aquire: 2022 first round pick (#24-MarJon Beauchamp) | Rockets Aquire: Rockets option to swap 2021 second round pick (more favorable of 76ers, Rockets picks) with Bucks 2021 first round pick (#24-Josh Christopher)","['Bucks', 'Rockets']",False,True
2021-03-25_Bulls_Magic=Nikola Vucevic+Wendell Carter Jr.,2021-03-25,Nikola Vucevic,Wendell Carter Jr.,Bulls Aquire: Nikola Vucevic | Magic Aquire: Wendell Carter Jr.,"['Bulls', 'Magic']",True,False
2021-03-25_Bulls_Magic=Nikola Vucevic+Otto Porter Jr.,2021-03-25,Nikola Vucevic,Otto Porter Jr.,Bulls Aquire: Nikola Vucevic | Magic Aquire: Otto Porter Jr.,"['Bulls', 'Magic']",True,False
2021-03-25_Bulls_Magic=Franz Wagner+Nikola Vucevic,2021-03-25,Nikola Vucevic,Franz Wagner,Bulls Aquire: Nikola Vucevic | Magic Aquire: 2021 first round pick (protected top 4 in 2021) (#8-Franz Wagner),"['Bulls', 'Magic']",True,True
2021-03-25_Bulls_Magic=Al-Farouq Aminu+Wendell Carter Jr.,2021-03-25,Al-Farouq Aminu,Wendell Carter Jr.,Bulls Aquire: Al-Farouq Aminu | Magic Aquire: Wendell Carter Jr.,"['Bulls', 'Magic']",True,False
2021-03-25_Bulls_Magic=Al-Farouq Aminu+Otto Porter Jr.,2021-03-25,Al-Farouq Aminu,Otto Porter Jr.,Bulls Aquire: Al-Farouq Aminu | Magic Aquire: Otto Porter Jr.,"['Bulls', 'Magic']",True,False
2021-03-25_Bulls_Magic=Al-Farouq Aminu+Franz Wagner,2021-03-25,Al-Farouq Aminu,Franz Wagner,Bulls Aquire: Al-Farouq Aminu | Magic Aquire: 2021 first round pick (protected top 4 in 2021) (#8-Franz Wagner),"['Bulls', 'Magic']",True,True
2021-03-25_Celtics_Magic=Evan Fournier+Jeff Teague,2021-03-25,Evan Fournier,Jeff Teague,Celtics Aquire: Evan Fournier | Magic Aquire: Jeff Teague,"['Celtics', 'Magic']",True,False
2021-03-25_Clippers_Hawks=Louis Williams / Lou Williams+Rajon Rondo,2021-03-25,Rajon Rondo,Louis Williams / Lou Williams,Clippers Aquire: Rajon Rondo | Hawks Aquire: Louis Williams / Lou Williams,"['Clippers', 'Hawks']",True,False
2021-03-25_Heat_Rockets=Kelly Olynyk+Victor Oladipo,2021-03-25,Victor Oladipo,Kelly Olynyk,Heat Aquire: Victor Oladipo | Rockets Aquire: Kelly Olynyk,"['Heat', 'Rockets']",True,False
2021-03-25_Heat_Rockets=Avery Bradley+Victor Oladipo,2021-03-25,Victor Oladipo,Avery Bradley,Heat Aquire: Victor Oladipo | Rockets Aquire: Avery Bradley,"['Heat', 'Rockets']",True,False
2021-03-25_Bulls_Celtics_Wizards=Daniel Gafford+Daniel Theis,2021-03-25,Daniel Theis,Daniel Gafford,Bulls Aquire: Daniel Theis | Wizards Aquire: Daniel Gafford,"['Wizards', 'Bulls', 'Celtics']",True,False
2021-03-25_Bulls_Celtics_Wizards=Chandler Hutchison+Daniel Theis,2021-03-25,Daniel Theis,Chandler Hutchison,Bulls Aquire: Daniel Theis | Wizards Aquire: Chandler Hutchison,"['Wizards', 'Bulls', 'Celtics']",True,False
2021-03-25_Bulls_Celtics_Wizards=Daniel Theis+Luke Kornet,2021-03-25,Daniel Theis,Luke Kornet,Bulls Aquire: Daniel Theis | Celtics Aquire: Luke Kornet,"['Wizards', 'Bulls', 'Celtics']",True,False
2021-03-25_Bulls_Celtics_Wizards=Daniel Gafford+Javonte Green,2021-03-25,Javonte Green,Daniel Gafford,Bulls Aquire: Javonte Green | Wizards Aquire: Daniel Gafford,"['Wizards', 'Bulls', 'Celtics']",True,False
2021-03-25_Bulls_Celtics_Wizards=Chandler Hutchison+Javonte Green,2021-03-25,Javonte Green,Chandler Hutchison,Bulls Aquire: Javonte Green | Wizards Aquire: Chandler Hutchison,"['Wizards', 'Bulls', 'Celtics']",True,False
2021-03-25_Bulls_Celtics_Wizards=Javonte Green+Luke Kornet,2021-03-25,Javonte Green,Luke Kornet,Bulls Aquire: Javonte Green | Celtics Aquire: Luke Kornet,"['Wizards', 'Bulls', 'Celtics']",True,False
2021-03-25_Bulls_Celtics_Wizards=Daniel Gafford+Troy Brown Jr.,2021-03-25,Troy Brown Jr.,Daniel Gafford,Bulls Aquire: Troy Brown Jr. | Wizards Aquire: Daniel Gafford,"['Wizards', 'Bulls', 'Celtics']",True,False
2021-03-25_Bulls_Celtics_Wizards=Chandler Hutchison+Troy Brown Jr.,2021-03-25,Troy Brown Jr.,Chandler Hutchison,Bulls Aquire: Troy Brown Jr. | Wizards Aquire: Chandler Hutchison,"['Wizards', 'Bulls', 'Celtics']",True,False
2021-03-25_Bulls_Celtics_Wizards=Luke Kornet+Troy Brown Jr.,2021-03-25,Troy Brown Jr.,Luke Kornet,Bulls Aquire: Troy Brown Jr. | Celtics Aquire: Luke Kornet,"['Wizards', 'Bulls', 'Celtics']",True,False
2021-03-25_Bulls_Celtics_Wizards=Daniel Theis+Moritz Wagner / Moe Wagner,2021-03-25,Moritz Wagner / Moe Wagner,Daniel Theis,Celtics Aquire: Moritz Wagner / Moe Wagner | Bulls Aquire: Daniel Theis,"['Wizards', 'Bulls', 'Celtics']",True,False
2021-03-25_Bulls_Celtics_Wizards=Javonte Green+Moritz Wagner / Moe Wagner,2021-03-25,Moritz Wagner / Moe Wagner,Javonte Green,Celtics Aquire: Moritz Wagner / Moe Wagner | Bulls Aquire: Javonte Green,"['Wizards', 'Bulls', 'Celtics']",True,False
2021-03-25_Bulls_Celtics_Wizards=Daniel Gafford+Moritz Wagner / Moe Wagner,2021-03-25,Daniel Gafford,Moritz Wagner / Moe Wagner,Wizards Aquire: Daniel Gafford | Celtics Aquire: Moritz Wagner / Moe Wagner,"['Wizards', 'Bulls', 'Celtics']",True,False
2021-03-25_Bulls_Celtics_Wizards=Daniel Gafford+Troy Brown Jr. ,2021-03-25,Daniel Gafford,Troy Brown Jr. ,Wizards Aquire: Daniel Gafford | Unknown Aquire: Troy Brown Jr. ,"['Wizards', 'Bulls', 'Celtics']",True,False
2021-03-25_Bulls_Celtics_Wizards=Chandler Hutchison+Moritz Wagner / Moe Wagner,2021-03-25,Chandler Hutchison,Moritz Wagner / Moe Wagner,Wizards Aquire: Chandler Hutchison | Celtics Aquire: Moritz Wagner / Moe Wagner,"['Wizards', 'Bulls', 'Celtics']",True,False
2021-03-25_Bulls_Celtics_Wizards=Chandler Hutchison+Troy Brown Jr. ,2021-03-25,Chandler Hutchison,Troy Brown Jr. ,Wizards Aquire: Chandler Hutchison | Unknown Aquire: Troy Brown Jr. ,"['Wizards', 'Bulls', 'Celtics']",True,False
2021-03-25_Blazers_Raptors=Gary Trent Jr.+Norman Powell,2021-03-25,Norman Powell,Gary Trent Jr.,Blazers Aquire: Norman Powell | Raptors Aquire: Gary Trent Jr.,"['Blazers', 'Raptors']",True,False
2021-03-25_Blazers_Raptors=Norman Powell+Rodney Hood,2021-03-25,Norman Powell,Rodney Hood,Blazers Aquire: Norman Powell | Raptors Aquire: Rodney Hood,"['Blazers', 'Raptors']",True,False
2021-03-25_Heat_Kings=Maurice Harkless / Moe Harkless+Nemanja Bjelica,2021-03-25,Nemanja Bjelica,Maurice Harkless / Moe Harkless,Heat Aquire: Nemanja Bjelica | Kings Aquire: Maurice Harkless / Moe Harkless,"['Heat', 'Kings']",True,False
2021-03-25_Heat_Kings=Chris Silva+Nemanja Bjelica,2021-03-25,Nemanja Bjelica,Chris Silva,Heat Aquire: Nemanja Bjelica | Kings Aquire: Chris Silva,"['Heat', 'Kings']",True,False
2021-03-25_76ers_Knicks_Thunder=George Hill+Terrance Ferguson,2021-03-25,George Hill,Terrance Ferguson,76ers Aquire: George Hill | Knicks Aquire: Terrance Ferguson,"['Thunder', '76ers', 'Knicks']",True,False
2021-03-25_76ers_Knicks_Thunder=George Hill+Vincent Poirier,2021-03-25,George Hill,Vincent Poirier,76ers Aquire: George Hill | Knicks Aquire: Vincent Poirier,"['Thunder', '76ers', 'Knicks']",True,False
2021-03-25_76ers_Knicks_Thunder=George Hill+Tony Bradley,2021-03-25,George Hill,Tony Bradley,76ers Aquire: George Hill | Thunder Aquire: Tony Bradley,"['Thunder', '76ers', 'Knicks']",True,False
2021-03-25_76ers_Knicks_Thunder=Emir Preldzic+George Hill,2021-03-25,George Hill,Emir Preldzic,76ers Aquire: George Hill | Knicks Aquire: Rights to Emir Preldzic,"['Thunder', '76ers', 'Knicks']",True,True
2021-03-25_76ers_Knicks_Thunder=George Hill+Jericho Sims,2021-03-25,George Hill,Jericho Sims,"76ers Aquire: George Hill | Knicks Aquire: 2021 second round pick (less favorable of 76ers, Rockets picks) (#58-Jericho Sims)","['Thunder', '76ers', 'Knicks']",True,True
2021-03-25_76ers_Knicks_Thunder=Ignas Brazdeikis / Iggy Brazdeikis+Terrance Ferguson,2021-03-25,Ignas Brazdeikis / Iggy Brazdeikis,Terrance Ferguson,76ers Aquire: Ignas Brazdeikis / Iggy Brazdeikis | Knicks Aquire: Terrance Ferguson,"['Thunder', '76ers', 'Knicks']",True,False
2021-03-25_76ers_Knicks_Thunder=Ignas Brazdeikis / Iggy Brazdeikis+Vincent Poirier,2021-03-25,Ignas Brazdeikis / Iggy Brazdeikis,Vincent Poirier,76ers Aquire: Ignas Brazdeikis / Iggy Brazdeikis | Knicks Aquire: Vincent Poirier,"['Thunder', '76ers', 'Knicks']",True,False
2021-03-25_76ers_Knicks_Thunder=Ignas Brazdeikis / Iggy Brazdeikis+Tony Bradley,2021-03-25,Ignas Brazdeikis / Iggy Brazdeikis,Tony Bradley,76ers Aquire: Ignas Brazdeikis / Iggy Brazdeikis | Thunder Aquire: Tony Bradley,"['Thunder', '76ers', 'Knicks']",True,False
2021-03-25_76ers_Knicks_Thunder=Emir Preldzic+Ignas Brazdeikis / Iggy Brazdeikis,2021-03-25,Ignas Brazdeikis / Iggy Brazdeikis,Emir Preldzic,76ers Aquire: Ignas Brazdeikis / Iggy Brazdeikis | Knicks Aquire: Rights to Emir Preldzic,"['Thunder', '76ers', 'Knicks']",True,True
2021-03-25_76ers_Knicks_Thunder=Ignas Brazdeikis / Iggy Brazdeikis+Jericho Sims,2021-03-25,Ignas Brazdeikis / Iggy Brazdeikis,Jericho Sims,"76ers Aquire: Ignas Brazdeikis / Iggy Brazdeikis | Knicks Aquire: 2021 second round pick (less favorable of 76ers, Rockets picks) (#58-Jericho Sims)","['Thunder', '76ers', 'Knicks']",True,True
2021-03-25_76ers_Knicks_Thunder=Austin Rivers+Terrance Ferguson,2021-03-25,Terrance Ferguson,Austin Rivers,Knicks Aquire: Terrance Ferguson | Thunder Aquire: Austin Rivers,"['Thunder', '76ers', 'Knicks']",True,False
2021-03-25_76ers_Knicks_Thunder=Austin Rivers+Vincent Poirier,2021-03-25,Vincent Poirier,Austin Rivers,Knicks Aquire: Vincent Poirier | Thunder Aquire: Austin Rivers,"['Thunder', '76ers', 'Knicks']",True,False
2021-03-25_76ers_Knicks_Thunder=Austin Rivers+Emir Preldzic,2021-03-25,Emir Preldzic,Austin Rivers,Knicks Aquire: Rights to Emir Preldzic | Thunder Aquire: Austin Rivers,"['Thunder', '76ers', 'Knicks']",True,True
2021-03-25_76ers_Knicks_Thunder=Austin Rivers+Jericho Sims,2021-03-25,Jericho Sims,Austin Rivers,"Knicks Aquire: 2021 second round pick (from 76ers) (less favorable of 76ers, Rockets picks) (#58-Jericho Sims) | Thunder Aquire: Austin Rivers","['Thunder', '76ers', 'Knicks']",True,True
2021-03-25_76ers_Knicks_Thunder=Austin Rivers+George Hill,2021-03-25,Austin Rivers,George Hill,Thunder Aquire: Austin Rivers | 76ers Aquire: George Hill,"['Thunder', '76ers', 'Knicks']",True,False
2021-03-25_Spurs_Warriors=Cady Lalanne+Marquese Chriss,2021-03-25,Marquese Chriss,Cady Lalanne,Spurs Aquire: Marquese Chriss | Warriors Aquire: Rights to Cady Lalanne,"['Spurs', 'Warriors']",True,True
2021-03-25_Cavaliers_Nuggets=Isaiah Hartenstein+JaVale McGee,2021-03-25,Isaiah Hartenstein,JaVale McGee,Cavaliers Aquire: Isaiah Hartenstein | Nuggets Aquire: JaVale McGee,"['Cavaliers', 'Nuggets']",True,False
2021-03-25_Mavericks_Pelicans=J.J. Redick+James Johnson,2021-03-25,J.J. Redick,James Johnson,Mavericks Aquire: J.J. Redick | Pelicans Aquire: James Johnson,"['Mavericks', 'Pelicans']",True,False
2021-03-25_Mavericks_Pelicans=J.J. Redick+Wesley Iwundu / Wes Iwundu,2021-03-25,J.J. Redick,Wesley Iwundu / Wes Iwundu,Mavericks Aquire: J.J. Redick | Pelicans Aquire: Wesley Iwundu / Wes Iwundu,"['Mavericks', 'Pelicans']",True,False
2021-03-25_Mavericks_Pelicans=Charles Bassey+J.J. Redick,2021-03-25,J.J. Redick,Charles Bassey,Mavericks Aquire: J.J. Redick | Pelicans Aquire: 2021 second round pick (#53-Charles Bassey),"['Mavericks', 'Pelicans']",True,True
2021-03-25_Mavericks_Pelicans=James Johnson+Nicolo Melli,2021-03-25,Nicolo Melli,James Johnson,Mavericks Aquire: Nicolo Melli | Pelicans Aquire: James Johnson,"['Mavericks', 'Pelicans']",True,False
2021-03-25_Mavericks_Pelicans=Nicolo Melli+Wesley Iwundu / Wes Iwundu,2021-03-25,Nicolo Melli,Wesley Iwundu / Wes Iwundu,Mavericks Aquire: Nicolo Melli | Pelicans Aquire: Wesley Iwundu / Wes Iwundu,"['Mavericks', 'Pelicans']",True,False
2021-03-25_Mavericks_Pelicans=Charles Bassey+Nicolo Melli,2021-03-25,Nicolo Melli,Charles Bassey,Mavericks Aquire: Nicolo Melli | Pelicans Aquire: 2021 second round pick (#53-Charles Bassey),"['Mavericks', 'Pelicans']",True,True
2021-03-25_Magic_Nuggets=Aaron Gordon+R.J. Hampton,2021-03-25,R.J. Hampton,Aaron Gordon,Magic Aquire: R.J. Hampton | Nuggets Aquire: Aaron Gordon,"['Magic', 'Nuggets']",True,False
2021-03-25_Magic_Nuggets=Gary Clark Jr.+R.J. Hampton,2021-03-25,R.J. Hampton,Gary Clark Jr.,Magic Aquire: R.J. Hampton | Nuggets Aquire: Gary Clark Jr.,"['Magic', 'Nuggets']",True,False
2021-03-25_Magic_Nuggets=Aaron Gordon+Gary Harris,2021-03-25,Gary Harris,Aaron Gordon,Magic Aquire: Gary Harris | Nuggets Aquire: Aaron Gordon,"['Magic', 'Nuggets']",True,False
2021-03-25_Magic_Nuggets=Gary Clark Jr.+Gary Harris,2021-03-25,Gary Harris,Gary Clark Jr.,Magic Aquire: Gary Harris | Nuggets Aquire: Gary Clark Jr.,"['Magic', 'Nuggets']",True,False
2021-03-25_Kings_Raptors=Dalano Banton+Terence Davis,2021-03-25,Terence Davis,Dalano Banton,Kings Aquire: Terence Davis | Raptors Aquire: 2021 second round pick (#46-Dalano Banton),"['Kings', 'Raptors']",True,True
2021-03-25_Kings_Pistons=Cory Joseph+Delon Wright,2021-03-25,Delon Wright,Cory Joseph,Kings Aquire: Delon Wright | Pistons Aquire: Cory Joseph,"['Kings', 'Pistons']",True,False
2021-03-25_Kings_Pistons=Delon Wright+Luka Garza,2021-03-25,Delon Wright,Luka Garza,Kings Aquire: Delon Wright | Pistons Aquire: 2021 second round pick (#52-Luka Garza),"['Kings', 'Pistons']",True,True
2021-03-25_Jazz_Raptors=David Johnson (Ricardo)+Matt Thomas,2021-03-25,Matt Thomas,David Johnson (Ricardo),Jazz Aquire: Matt Thomas | Raptors Aquire: 2021 second round pick (#47-David Johnson (Ricardo)),"['Jazz', 'Raptors']",True,True
2021-06-18_Celtics_Thunder=Al Horford+Kemba Walker,2021-06-18,Al Horford,Kemba Walker,Celtics Aquire: Al Horford | Thunder Aquire: Kemba Walker,"['Celtics', 'Thunder']",True,False
2021-06-18_Celtics_Thunder=Al Horford+Alperen Sengun,2021-06-18,Al Horford,Alperen Sengun,Celtics Aquire: Al Horford | Thunder Aquire: 2021 first round pick (#16-Alperen Sengun),"['Celtics', 'Thunder']",True,True
2021-06-18_Celtics_Thunder=Kemba Walker+Moses Brown,2021-06-18,Moses Brown,Kemba Walker,Celtics Aquire: Moses Brown | Thunder Aquire: Kemba Walker,"['Celtics', 'Thunder']",True,False
2021-06-18_Celtics_Thunder=Alperen Sengun+Moses Brown,2021-06-18,Moses Brown,Alperen Sengun,Celtics Aquire: Moses Brown | Thunder Aquire: 2021 first round pick (#16-Alperen Sengun),"['Celtics', 'Thunder']",True,True
2021-07-30_Bucks_Pacers=Isaiah Todd+Sandro Mamukelashvili,2021-07-30,Sandro Mamukelashvili,Isaiah Todd,Bucks Aquire: Rights to Sandro Mamukelashvili | Pacers Aquire: Rights to Isaiah Todd,"['Bucks', 'Pacers']",False,True
2021-07-30_Bucks_Pacers=Georgios Kalaitzakis+Isaiah Todd,2021-07-30,Georgios Kalaitzakis,Isaiah Todd,Bucks Aquire: Rights to Georgios Kalaitzakis | Pacers Aquire: Rights to Isaiah Todd,"['Bucks', 'Pacers']",False,True
2021-07-30_Bucks_Pacers=Isaiah Todd+Pacers picks) (?-?),2021-07-30,Pacers picks) (?-?),Isaiah Todd,Bucks Aquire: Pacers picks) (?-?) | Pacers Aquire: Rights to Isaiah Todd,"['Bucks', 'Pacers']",True,True
2021-07-30_Clippers_Knicks=Keon Johnson+Quentin Grimes,2021-07-30,Keon Johnson,Quentin Grimes,Clippers Aquire: Rights to Keon Johnson | Knicks Aquire: Rights to Quentin Grimes,"['Clippers', 'Knicks']",False,True
2021-07-30_Knicks_Thunder=Jeremiah Robinson-Earl+Rokas Jokubaitis,2021-07-30,Rokas Jokubaitis,Jeremiah Robinson-Earl,Knicks Aquire: Rights to Rokas Jokubaitis | Thunder Aquire: Rights to Jeremiah Robinson-Earl,"['Knicks', 'Thunder']",False,True
2021-07-30_Knicks_Thunder=Jeremiah Robinson-Earl+Miles McBride,2021-07-30,Miles McBride,Jeremiah Robinson-Earl,Knicks Aquire: Rights to Miles McBride | Thunder Aquire: Rights to Jeremiah Robinson-Earl,"['Knicks', 'Thunder']",False,True
2021-07-31_Celtics_Mavericks=Josh Richardson+Moses Brown,2021-07-31,Josh Richardson,Moses Brown,Celtics Aquire: Josh Richardson | Mavericks Aquire: Moses Brown,"['Celtics', 'Mavericks']",True,False
2021-08-02_Cavaliers_Timberwolves=Ricky Rubio+Taurean Prince,2021-08-02,Ricky Rubio,Taurean Prince,Cavaliers Aquire: Ricky Rubio | Timberwolves Aquire: Taurean Prince,"['Cavaliers', 'Timberwolves']",True,False
2021-08-02_Cavaliers_Timberwolves=Bryce McGowens+Ricky Rubio,2021-08-02,Ricky Rubio,Bryce McGowens,Cavaliers Aquire: Ricky Rubio | Timberwolves Aquire: 2022 second round pick (#40-Bryce McGowens),"['Cavaliers', 'Timberwolves']",True,True
2021-08-06_Nets_Suns=Jevon Carter+Landry Shamet,2021-08-06,Jevon Carter,Landry Shamet,Nets Aquire: Jevon Carter | Suns Aquire: Landry Shamet,"['Nets', 'Suns']",True,False
2021-08-06_Nets_Suns=Day'Ron Sharpe+Landry Shamet,2021-08-06,Day'Ron Sharpe,Landry Shamet,Nets Aquire: Rights to Day'Ron Sharpe | Suns Aquire: Landry Shamet,"['Nets', 'Suns']",True,True
2021-08-06_Lakers_Nets_Pacers_Spurs_Wizards=Kentavious Caldwell-Pope+Russell Westbrook,2021-08-06,Russell Westbrook,Kentavious Caldwell-Pope,Lakers Aquire: Russell Westbrook | Wizards Aquire: Kentavious Caldwell-Pope,"['Wizards', 'Lakers', 'Nets', 'Pacers', 'Spurs']",True,False
2021-08-06_Lakers_Nets_Pacers_Spurs_Wizards=Kyle Kuzma+Russell Westbrook,2021-08-06,Russell Westbrook,Kyle Kuzma,Lakers Aquire: Russell Westbrook | Wizards Aquire: Kyle Kuzma,"['Wizards', 'Lakers', 'Nets', 'Pacers', 'Spurs']",True,False
2021-08-06_Lakers_Nets_Pacers_Spurs_Wizards=Montrezl Harrell+Russell Westbrook,2021-08-06,Russell Westbrook,Montrezl Harrell,Lakers Aquire: Russell Westbrook | Wizards Aquire: Montrezl Harrell,"['Wizards', 'Lakers', 'Nets', 'Pacers', 'Spurs']",True,False
2021-08-06_Lakers_Nets_Pacers_Spurs_Wizards=Isaiah Jackson+Russell Westbrook,2021-08-06,Russell Westbrook,Isaiah Jackson,Lakers Aquire: Russell Westbrook | Pacers Aquire: Rights to Isaiah Jackson,"['Wizards', 'Lakers', 'Nets', 'Pacers', 'Spurs']",True,True
2021-08-06_Lakers_Nets_Pacers_Spurs_Wizards=Nikola Milutinov+Spencer Dinwiddie,2021-08-06,Nikola Milutinov,Spencer Dinwiddie,Nets Aquire: Rights to Nikola Milutinov | Wizards Aquire: Spencer Dinwiddie,"['Wizards', 'Lakers', 'Nets', 'Pacers', 'Spurs']",True,True
2021-08-06_Lakers_Nets_Pacers_Spurs_Wizards=Aaron Holiday+Isaiah Jackson,2021-08-06,Isaiah Jackson,Aaron Holiday,Pacers Aquire: Rights to Isaiah Jackson | Wizards Aquire: Aaron Holiday,"['Wizards', 'Lakers', 'Nets', 'Pacers', 'Spurs']",True,True
2021-08-06_Lakers_Nets_Pacers_Spurs_Wizards=Isaiah Jackson+Isaiah Todd,2021-08-06,Isaiah Jackson,Isaiah Todd,Pacers Aquire: Rights to Isaiah Jackson | Wizards Aquire: Rights to Isaiah Todd,"['Wizards', 'Lakers', 'Nets', 'Pacers', 'Spurs']",False,True
2021-08-06_Lakers_Nets_Pacers_Spurs_Wizards=Chandler Hutchison+Nikola Milutinov,2021-08-06,Chandler Hutchison,Nikola Milutinov,Spurs Aquire: Chandler Hutchison | Nets Aquire: Rights to Nikola Milutinov,"['Wizards', 'Lakers', 'Nets', 'Pacers', 'Spurs']",True,True
2021-08-06_Lakers_Nets_Pacers_Spurs_Wizards=Christian Koloko+Nikola Milutinov,2021-08-06,Christian Koloko,Nikola Milutinov,"Spurs Aquire: 2022 second round pick (from Wizards) (most favorable of Bulls, Lakers, Pistons picks) (#33-Christian Koloko) | Nets Aquire: Rights to Nikola Milutinov","['Wizards', 'Lakers', 'Nets', 'Pacers', 'Spurs']",False,True
2021-08-06_Lakers_Nets_Pacers_Spurs_Wizards=Chandler Hutchison+Kentavious Caldwell-Pope,2021-08-06,Kentavious Caldwell-Pope,Chandler Hutchison,Wizards Aquire: Kentavious Caldwell-Pope | Spurs Aquire: Chandler Hutchison,"['Wizards', 'Lakers', 'Nets', 'Pacers', 'Spurs']",True,False
2021-08-06_Lakers_Nets_Pacers_Spurs_Wizards=Christian Koloko+Kentavious Caldwell-Pope,2021-08-06,Kentavious Caldwell-Pope,Christian Koloko,"Wizards Aquire: Kentavious Caldwell-Pope | Spurs Aquire: 2022 second round pick (most favorable of Bulls, Lakers, Pistons picks) (#33-Christian Koloko)","['Wizards', 'Lakers', 'Nets', 'Pacers', 'Spurs']",True,True
2021-08-06_Lakers_Nets_Pacers_Spurs_Wizards=Chandler Hutchison+Kyle Kuzma,2021-08-06,Kyle Kuzma,Chandler Hutchison,Wizards Aquire: Kyle Kuzma | Spurs Aquire: Chandler Hutchison,"['Wizards', 'Lakers', 'Nets', 'Pacers', 'Spurs']",True,False
2021-08-06_Lakers_Nets_Pacers_Spurs_Wizards=Christian Koloko+Kyle Kuzma,2021-08-06,Kyle Kuzma,Christian Koloko,"Wizards Aquire: Kyle Kuzma | Spurs Aquire: 2022 second round pick (most favorable of Bulls, Lakers, Pistons picks) (#33-Christian Koloko)","['Wizards', 'Lakers', 'Nets', 'Pacers', 'Spurs']",True,True
2021-08-06_Lakers_Nets_Pacers_Spurs_Wizards=Chandler Hutchison+Montrezl Harrell,2021-08-06,Montrezl Harrell,Chandler Hutchison,Wizards Aquire: Montrezl Harrell | Spurs Aquire: Chandler Hutchison,"['Wizards', 'Lakers', 'Nets', 'Pacers', 'Spurs']",True,False
2021-08-06_Lakers_Nets_Pacers_Spurs_Wizards=Christian Koloko+Montrezl Harrell,2021-08-06,Montrezl Harrell,Christian Koloko,"Wizards Aquire: Montrezl Harrell | Spurs Aquire: 2022 second round pick (most favorable of Bulls, Lakers, Pistons picks) (#33-Christian Koloko)","['Wizards', 'Lakers', 'Nets', 'Pacers', 'Spurs']",True,True
2021-08-06_Lakers_Nets_Pacers_Spurs_Wizards=Russell Westbrook+Spencer Dinwiddie,2021-08-06,Spencer Dinwiddie,Russell Westbrook,Wizards Aquire: Spencer Dinwiddie | Lakers Aquire: Russell Westbrook,"['Wizards', 'Lakers', 'Nets', 'Pacers', 'Spurs']",True,False
2021-08-06_Lakers_Nets_Pacers_Spurs_Wizards=Chandler Hutchison+Spencer Dinwiddie,2021-08-06,Spencer Dinwiddie,Chandler Hutchison,Wizards Aquire: Spencer Dinwiddie | Spurs Aquire: Chandler Hutchison,"['Wizards', 'Lakers', 'Nets', 'Pacers', 'Spurs']",True,False
2021-08-06_Lakers_Nets_Pacers_Spurs_Wizards=Christian Koloko+Spencer Dinwiddie,2021-08-06,Spencer Dinwiddie,Christian Koloko,"Wizards Aquire: Spencer Dinwiddie | Spurs Aquire: 2022 second round pick (most favorable of Bulls, Lakers, Pistons picks) (#33-Christian Koloko)","['Wizards', 'Lakers', 'Nets', 'Pacers', 'Spurs']",True,True
2021-08-06_Lakers_Nets_Pacers_Spurs_Wizards=Aaron Holiday+Russell Westbrook,2021-08-06,Aaron Holiday,Russell Westbrook,Wizards Aquire: Aaron Holiday | Lakers Aquire: Russell Westbrook,"['Wizards', 'Lakers', 'Nets', 'Pacers', 'Spurs']",True,False
2021-08-06_Lakers_Nets_Pacers_Spurs_Wizards=Aaron Holiday+Chandler Hutchison,2021-08-06,Aaron Holiday,Chandler Hutchison,Wizards Aquire: Aaron Holiday | Spurs Aquire: Chandler Hutchison,"['Wizards', 'Lakers', 'Nets', 'Pacers', 'Spurs']",True,False
2021-08-06_Lakers_Nets_Pacers_Spurs_Wizards=Aaron Holiday+Christian Koloko,2021-08-06,Aaron Holiday,Christian Koloko,"Wizards Aquire: Aaron Holiday | Spurs Aquire: 2022 second round pick (most favorable of Bulls, Lakers, Pistons picks) (#33-Christian Koloko)","['Wizards', 'Lakers', 'Nets', 'Pacers', 'Spurs']",True,True
2021-08-06_Lakers_Nets_Pacers_Spurs_Wizards=Isaiah Todd+Russell Westbrook,2021-08-06,Isaiah Todd,Russell Westbrook,Wizards Aquire: Rights to Isaiah Todd | Lakers Aquire: Russell Westbrook,"['Wizards', 'Lakers', 'Nets', 'Pacers', 'Spurs']",True,True
2021-08-06_Lakers_Nets_Pacers_Spurs_Wizards=Chandler Hutchison+Isaiah Todd,2021-08-06,Isaiah Todd,Chandler Hutchison,Wizards Aquire: Rights to Isaiah Todd | Spurs Aquire: Chandler Hutchison,"['Wizards', 'Lakers', 'Nets', 'Pacers', 'Spurs']",True,True
2021-08-06_Lakers_Nets_Pacers_Spurs_Wizards=Christian Koloko+Isaiah Todd,2021-08-06,Isaiah Todd,Christian Koloko,"Wizards Aquire: Rights to Isaiah Todd | Spurs Aquire: 2022 second round pick (most favorable of Bulls, Lakers, Pistons picks) (#33-Christian Koloko)","['Wizards', 'Lakers', 'Nets', 'Pacers', 'Spurs']",False,True
2021-08-06_Hornets_Pistons=Balsa Koprivica+Mason Plumlee,2021-08-06,Mason Plumlee,Balsa Koprivica,Hornets Aquire: Mason Plumlee | Pistons Aquire: Rights to Balsa Koprivica,"['Hornets', 'Pistons']",True,True
2021-08-06_Hornets_Pistons=Balsa Koprivica+J.T. Thor,2021-08-06,J.T. Thor,Balsa Koprivica,Hornets Aquire: Rights to J.T. Thor | Pistons Aquire: Rights to Balsa Koprivica,"['Hornets', 'Pistons']",False,True
2021-08-06_Heat_Raptors=Kyle Lowry+Precious Achiuwa,2021-08-06,Kyle Lowry,Precious Achiuwa,Heat Aquire: Kyle Lowry | Raptors Aquire: Precious Achiuwa,"['Heat', 'Raptors']",True,False
2021-08-06_Heat_Raptors=Goran Dragic+Kyle Lowry,2021-08-06,Kyle Lowry,Goran Dragic,Heat Aquire: Kyle Lowry | Raptors Aquire: Goran Dragic,"['Heat', 'Raptors']",True,False
2021-08-07_Grizzlies_Hornets_Pelicans=Jonas Valanciunas+Steven Adams,2021-08-07,Steven Adams,Jonas Valanciunas,Grizzlies Aquire: Steven Adams | Pelicans Aquire: Jonas Valanciunas,"['Pelicans', 'Grizzlies', 'Hornets']",True,False
2021-08-07_Grizzlies_Hornets_Pelicans=Steven Adams+Trey Murphy III,2021-08-07,Steven Adams,Trey Murphy III,Grizzlies Aquire: Steven Adams | Pelicans Aquire: Rights to Trey Murphy III,"['Pelicans', 'Grizzlies', 'Hornets']",True,True
2021-08-07_Grizzlies_Hornets_Pelicans=Brandon Boston Jr. / B.J. Boston Jr.+Steven Adams,2021-08-07,Steven Adams,Brandon Boston Jr. / B.J. Boston Jr.,Grizzlies Aquire: Steven Adams | Pelicans Aquire: Rights to Brandon Boston Jr. / B.J. Boston Jr.,"['Pelicans', 'Grizzlies', 'Hornets']",True,True
2021-08-07_Grizzlies_Hornets_Pelicans=Steven Adams+Tyler Harvey,2021-08-07,Steven Adams,Tyler Harvey,Grizzlies Aquire: Steven Adams | Hornets Aquire: Rights to Tyler Harvey,"['Pelicans', 'Grizzlies', 'Hornets']",True,True
2021-08-07_Grizzlies_Hornets_Pelicans=Eric Bledsoe+Jonas Valanciunas,2021-08-07,Eric Bledsoe,Jonas Valanciunas,Grizzlies Aquire: Eric Bledsoe | Pelicans Aquire: Jonas Valanciunas,"['Pelicans', 'Grizzlies', 'Hornets']",True,False
2021-08-07_Grizzlies_Hornets_Pelicans=Eric Bledsoe+Trey Murphy III,2021-08-07,Eric Bledsoe,Trey Murphy III,Grizzlies Aquire: Eric Bledsoe | Pelicans Aquire: Rights to Trey Murphy III,"['Pelicans', 'Grizzlies', 'Hornets']",True,True
2021-08-07_Grizzlies_Hornets_Pelicans=Brandon Boston Jr. / B.J. Boston Jr.+Eric Bledsoe,2021-08-07,Eric Bledsoe,Brandon Boston Jr. / B.J. Boston Jr.,Grizzlies Aquire: Eric Bledsoe | Pelicans Aquire: Rights to Brandon Boston Jr. / B.J. Boston Jr.,"['Pelicans', 'Grizzlies', 'Hornets']",True,True
2021-08-07_Grizzlies_Hornets_Pelicans=Eric Bledsoe+Tyler Harvey,2021-08-07,Eric Bledsoe,Tyler Harvey,Grizzlies Aquire: Eric Bledsoe | Hornets Aquire: Rights to Tyler Harvey,"['Pelicans', 'Grizzlies', 'Hornets']",True,True
2021-08-07_Grizzlies_Hornets_Pelicans=Jonas Valanciunas+Ziaire Williams,2021-08-07,Ziaire Williams,Jonas Valanciunas,Grizzlies Aquire: Rights to Ziaire Williams | Pelicans Aquire: Jonas Valanciunas,"['Pelicans', 'Grizzlies', 'Hornets']",True,True
2021-08-07_Grizzlies_Hornets_Pelicans=Trey Murphy III+Ziaire Williams,2021-08-07,Ziaire Williams,Trey Murphy III,Grizzlies Aquire: Rights to Ziaire Williams | Pelicans Aquire: Rights to Trey Murphy III,"['Pelicans', 'Grizzlies', 'Hornets']",False,True
2021-08-07_Grizzlies_Hornets_Pelicans=Brandon Boston Jr. / B.J. Boston Jr.+Ziaire Williams,2021-08-07,Ziaire Williams,Brandon Boston Jr. / B.J. Boston Jr.,Grizzlies Aquire: Rights to Ziaire Williams | Pelicans Aquire: Rights to Brandon Boston Jr. / B.J. Boston Jr.,"['Pelicans', 'Grizzlies', 'Hornets']",False,True
2021-08-07_Grizzlies_Hornets_Pelicans=Tyler Harvey+Ziaire Williams,2021-08-07,Ziaire Williams,Tyler Harvey,Grizzlies Aquire: Rights to Ziaire Williams | Hornets Aquire: Rights to Tyler Harvey,"['Pelicans', 'Grizzlies', 'Hornets']",False,True
2021-08-07_Grizzlies_Hornets_Pelicans=Jared Butler+Jonas Valanciunas,2021-08-07,Jared Butler,Jonas Valanciunas,Grizzlies Aquire: Rights to Jared Butler | Pelicans Aquire: Jonas Valanciunas,"['Pelicans', 'Grizzlies', 'Hornets']",True,True
2021-08-07_Grizzlies_Hornets_Pelicans=Jared Butler+Trey Murphy III,2021-08-07,Jared Butler,Trey Murphy III,Grizzlies Aquire: Rights to Jared Butler | Pelicans Aquire: Rights to Trey Murphy III,"['Pelicans', 'Grizzlies', 'Hornets']",False,True
2021-08-07_Grizzlies_Hornets_Pelicans=Brandon Boston Jr. / B.J. Boston Jr.+Jared Butler,2021-08-07,Jared Butler,Brandon Boston Jr. / B.J. Boston Jr.,Grizzlies Aquire: Rights to Jared Butler | Pelicans Aquire: Rights to Brandon Boston Jr. / B.J. Boston Jr.,"['Pelicans', 'Grizzlies', 'Hornets']",False,True
2021-08-07_Grizzlies_Hornets_Pelicans=Jared Butler+Tyler Harvey,2021-08-07,Jared Butler,Tyler Harvey,Grizzlies Aquire: Rights to Jared Butler | Hornets Aquire: Rights to Tyler Harvey,"['Pelicans', 'Grizzlies', 'Hornets']",False,True
2021-08-07_Grizzlies_Hornets_Pelicans=Devonte' Graham+Wesley Iwundu / Wes Iwundu,2021-08-07,Wesley Iwundu / Wes Iwundu,Devonte' Graham,Hornets Aquire: Wesley Iwundu / Wes Iwundu | Pelicans Aquire: Devonte' Graham,"['Pelicans', 'Grizzlies', 'Hornets']",True,False
2021-08-07_Grizzlies_Hornets_Pelicans=Devonte' Graham+Tyler Harvey,2021-08-07,Tyler Harvey,Devonte' Graham,Hornets Aquire: Rights to Tyler Harvey | Pelicans Aquire: Devonte' Graham,"['Pelicans', 'Grizzlies', 'Hornets']",True,True
2021-08-07_Grizzlies_Hornets_Pelicans=Devonte' Graham+Mark Williams,2021-08-07,Mark Williams,Devonte' Graham,"Hornets Aquire: draft pick(s) (from Pelicans) (2022 first round pick (protected top 14), else 2022 second round pick, 2024 second round pick) (2022 #15-Mark Williams) | Pelicans Aquire: Devonte' Graham","['Pelicans', 'Grizzlies', 'Hornets']",True,True
2021-08-07_Grizzlies_Hornets_Pelicans=Jonas Valanciunas+Wesley Iwundu / Wes Iwundu,2021-08-07,Jonas Valanciunas,Wesley Iwundu / Wes Iwundu,Pelicans Aquire: Jonas Valanciunas | Hornets Aquire: Wesley Iwundu / Wes Iwundu,"['Pelicans', 'Grizzlies', 'Hornets']",True,False
2021-08-07_Grizzlies_Hornets_Pelicans=Jonas Valanciunas+Mark Williams,2021-08-07,Jonas Valanciunas,Mark Williams,"Pelicans Aquire: Jonas Valanciunas | Hornets Aquire: draft pick(s) (2022 first round pick (protected top 14), else 2022 second round pick, 2024 second round pick) (2022 #15-Mark Williams)","['Pelicans', 'Grizzlies', 'Hornets']",True,True
2021-08-07_Grizzlies_Hornets_Pelicans=Devonte' Graham+Steven Adams,2021-08-07,Devonte' Graham,Steven Adams,Pelicans Aquire: Devonte' Graham | Grizzlies Aquire: Steven Adams,"['Pelicans', 'Grizzlies', 'Hornets']",True,False
2021-08-07_Grizzlies_Hornets_Pelicans=Devonte' Graham+Eric Bledsoe,2021-08-07,Devonte' Graham,Eric Bledsoe,Pelicans Aquire: Devonte' Graham | Grizzlies Aquire: Eric Bledsoe,"['Pelicans', 'Grizzlies', 'Hornets']",True,False
2021-08-07_Grizzlies_Hornets_Pelicans=Devonte' Graham+Ziaire Williams,2021-08-07,Devonte' Graham,Ziaire Williams,Pelicans Aquire: Devonte' Graham | Grizzlies Aquire: Rights to Ziaire Williams,"['Pelicans', 'Grizzlies', 'Hornets']",True,True
2021-08-07_Grizzlies_Hornets_Pelicans=Devonte' Graham+Jared Butler,2021-08-07,Devonte' Graham,Jared Butler,Pelicans Aquire: Devonte' Graham | Grizzlies Aquire: Rights to Jared Butler,"['Pelicans', 'Grizzlies', 'Hornets']",True,True
2021-08-07_Grizzlies_Hornets_Pelicans=Trey Murphy III+Wesley Iwundu / Wes Iwundu,2021-08-07,Trey Murphy III,Wesley Iwundu / Wes Iwundu,Pelicans Aquire: Rights to Trey Murphy III | Hornets Aquire: Wesley Iwundu / Wes Iwundu,"['Pelicans', 'Grizzlies', 'Hornets']",True,True
2021-08-07_Grizzlies_Hornets_Pelicans=Mark Williams+Trey Murphy III,2021-08-07,Trey Murphy III,Mark Williams,"Pelicans Aquire: Rights to Trey Murphy III | Hornets Aquire: draft pick(s) (2022 first round pick (protected top 14), else 2022 second round pick, 2024 second round pick) (2022 #15-Mark Williams)","['Pelicans', 'Grizzlies', 'Hornets']",False,True
2021-08-07_Grizzlies_Hornets_Pelicans=Brandon Boston Jr. / B.J. Boston Jr.+Wesley Iwundu / Wes Iwundu,2021-08-07,Brandon Boston Jr. / B.J. Boston Jr.,Wesley Iwundu / Wes Iwundu,Pelicans Aquire: Rights to Brandon Boston Jr. / B.J. Boston Jr. | Hornets Aquire: Wesley Iwundu / Wes Iwundu,"['Pelicans', 'Grizzlies', 'Hornets']",True,True
2021-08-07_Grizzlies_Hornets_Pelicans=Brandon Boston Jr. / B.J. Boston Jr.+Mark Williams,2021-08-07,Brandon Boston Jr. / B.J. Boston Jr.,Mark Williams,"Pelicans Aquire: Rights to Brandon Boston Jr. / B.J. Boston Jr. | Hornets Aquire: draft pick(s) (2022 first round pick (protected top 14), else 2022 second round pick, 2024 second round pick) (2022 #15-Mark Williams)","['Pelicans', 'Grizzlies', 'Hornets']",False,True
2021-08-07_Bucks_Grizzlies=Grayson Allen+Sam Merrill,2021-08-07,Grayson Allen,Sam Merrill,Bucks Aquire: Grayson Allen | Grizzlies Aquire: Sam Merrill,"['Bucks', 'Grizzlies']",True,False
2021-08-07_Grizzlies_Jazz=Jared Butler+Santi Aldama,2021-08-07,Santi Aldama,Jared Butler,Grizzlies Aquire: Rights to Santi Aldama | Jazz Aquire: Rights to Jared Butler,"['Grizzlies', 'Jazz']",False,True
2021-08-07_Grizzlies_Jazz=Jabari Walker+Santi Aldama,2021-08-07,Santi Aldama,Jabari Walker,Grizzlies Aquire: Rights to Santi Aldama | Jazz Aquire: 2022 second round pick (#59-Jabari Walker),"['Grizzlies', 'Jazz']",False,True
2021-08-07_Celtics_Hawks_Kings=Kris Dunn+Tristan Thompson,2021-08-07,Kris Dunn,Tristan Thompson,Celtics Aquire: Kris Dunn | Kings Aquire: Tristan Thompson,"['Kings', 'Celtics', 'Hawks']",True,False
2021-08-07_Celtics_Hawks_Kings=Bruno Fernando+Tristan Thompson,2021-08-07,Bruno Fernando,Tristan Thompson,Celtics Aquire: Bruno Fernando | Kings Aquire: Tristan Thompson,"['Kings', 'Celtics', 'Hawks']",True,False
2021-08-07_Celtics_Hawks_Kings=Delon Wright+Kris Dunn,2021-08-07,Delon Wright,Kris Dunn,Hawks Aquire: Delon Wright | Celtics Aquire: Kris Dunn,"['Kings', 'Celtics', 'Hawks']",True,False
2021-08-07_Celtics_Hawks_Kings=Bruno Fernando+Delon Wright,2021-08-07,Delon Wright,Bruno Fernando,Hawks Aquire: Delon Wright | Celtics Aquire: Bruno Fernando,"['Kings', 'Celtics', 'Hawks']",True,False
2021-08-07_Celtics_Hawks_Kings=Delon Wright+Tristan Thompson,2021-08-07,Tristan Thompson,Delon Wright,Kings Aquire: Tristan Thompson | Hawks Aquire: Delon Wright,"['Kings', 'Celtics', 'Hawks']",True,False
2021-08-08_Bulls_Pelicans=Garrett Temple+Lonzo Ball,2021-08-08,Lonzo Ball,Garrett Temple,Bulls Aquire: Lonzo Ball | Pelicans Aquire: Garrett Temple,"['Bulls', 'Pelicans']",True,False
2021-08-08_Bulls_Pelicans=Lonzo Ball+Tomas Satoransky,2021-08-08,Lonzo Ball,Tomas Satoransky,Bulls Aquire: Lonzo Ball | Pelicans Aquire: Tomas Satoransky,"['Bulls', 'Pelicans']",True,False
2021-08-11_Bulls_Spurs=DeMar DeRozan+Thaddeus Young,2021-08-11,DeMar DeRozan,Thaddeus Young,Bulls Aquire: DeMar DeRozan | Spurs Aquire: Thaddeus Young,"['Bulls', 'Spurs']",True,False
2021-08-11_Bulls_Spurs=Al-Farouq Aminu+DeMar DeRozan,2021-08-11,DeMar DeRozan,Al-Farouq Aminu,Bulls Aquire: DeMar DeRozan | Spurs Aquire: Al-Farouq Aminu,"['Bulls', 'Spurs']",True,False
2021-08-11_Bulls_Spurs=DeMar DeRozan+Kennedy Chandler,2021-08-11,DeMar DeRozan,Kennedy Chandler,Bulls Aquire: DeMar DeRozan | Spurs Aquire: 2022 second round pick (#38-Kennedy Chandler),"['Bulls', 'Spurs']",True,True
2021-08-16_Clippers_Grizzlies=Eric Bledsoe+Patrick Beverley,2021-08-16,Eric Bledsoe,Patrick Beverley,Clippers Aquire: Eric Bledsoe | Grizzlies Aquire: Patrick Beverley,"['Clippers', 'Grizzlies']",True,False
2021-08-16_Clippers_Grizzlies=Eric Bledsoe+Rajon Rondo,2021-08-16,Eric Bledsoe,Rajon Rondo,Clippers Aquire: Eric Bledsoe | Grizzlies Aquire: Rajon Rondo,"['Clippers', 'Grizzlies']",True,False
2021-08-16_Clippers_Grizzlies=Daniel Oturu+Eric Bledsoe,2021-08-16,Eric Bledsoe,Daniel Oturu,Clippers Aquire: Eric Bledsoe | Grizzlies Aquire: Daniel Oturu,"['Clippers', 'Grizzlies']",True,False
2021-08-25_Grizzlies_Timberwolves=Jarrett Culver+Patrick Beverley,2021-08-25,Jarrett Culver,Patrick Beverley,Grizzlies Aquire: Jarrett Culver | Timberwolves Aquire: Patrick Beverley,"['Grizzlies', 'Timberwolves']",True,False
2021-08-25_Grizzlies_Timberwolves=Juancho Hernangomez / Juan Hernangomez+Patrick Beverley,2021-08-25,Juancho Hernangomez / Juan Hernangomez,Patrick Beverley,Grizzlies Aquire: Juancho Hernangomez / Juan Hernangomez | Timberwolves Aquire: Patrick Beverley,"['Grizzlies', 'Timberwolves']",True,False
2021-08-28_Blazers_Bulls_Cavaliers=Derrick Jones Jr.+Larry Nance Jr.,2021-08-28,Larry Nance Jr.,Derrick Jones Jr.,Blazers Aquire: Larry Nance Jr. | Bulls Aquire: Derrick Jones Jr.,"['Cavaliers', 'Blazers', 'Bulls']",True,False
2021-08-28_Blazers_Bulls_Cavaliers=Derrick Jones Jr.+Lauri Markkanen,2021-08-28,Derrick Jones Jr.,Lauri Markkanen,Bulls Aquire: Derrick Jones Jr. | Cavaliers Aquire: Lauri Markkanen,"['Cavaliers', 'Blazers', 'Bulls']",True,False
2021-08-28_Blazers_Bulls_Cavaliers=Larry Nance Jr.+Lauri Markkanen,2021-08-28,Lauri Markkanen,Larry Nance Jr.,Cavaliers Aquire: Lauri Markkanen | Blazers Aquire: Larry Nance Jr.,"['Cavaliers', 'Blazers', 'Bulls']",True,False
2021-09-04_Nets_Pistons=DeAndre Jordan+Jahlil Okafor,2021-09-04,Jahlil Okafor,DeAndre Jordan,Nets Aquire: Jahlil Okafor | Pistons Aquire: DeAndre Jordan,"['Nets', 'Pistons']",True,False
2021-09-04_Nets_Pistons=Ismael Kamagate+Jahlil Okafor,2021-09-04,Jahlil Okafor,Ismael Kamagate,Nets Aquire: Jahlil Okafor | Pistons Aquire: 2022 second round pick (#46-Ismael Kamagate),"['Nets', 'Pistons']",True,True
2021-09-04_Nets_Pistons=DeAndre Jordan+Sekou Doumbouya,2021-09-04,Sekou Doumbouya,DeAndre Jordan,Nets Aquire: Sekou Doumbouya | Pistons Aquire: DeAndre Jordan,"['Nets', 'Pistons']",True,False
2021-09-04_Nets_Pistons=Ismael Kamagate+Sekou Doumbouya,2021-09-04,Sekou Doumbouya,Ismael Kamagate,Nets Aquire: Sekou Doumbouya | Pistons Aquire: 2022 second round pick (#46-Ismael Kamagate),"['Nets', 'Pistons']",True,True
2021-09-10_Grizzlies_Lakers=Marc Gasol+Wang Zhelin,2021-09-10,Marc Gasol,Wang Zhelin,Grizzlies Aquire: Marc Gasol | Lakers Aquire: Wang Zhelin,"['Grizzlies', 'Lakers']",True,False
2021-09-15_Celtics_Grizzlies=Juancho Hernangomez / Juan Hernangomez+Kris Dunn,2021-09-15,Juancho Hernangomez / Juan Hernangomez,Kris Dunn,Celtics Aquire: Juancho Hernangomez / Juan Hernangomez | Grizzlies Aquire: Kris Dunn,"['Celtics', 'Grizzlies']",True,False
2021-09-15_Celtics_Grizzlies=Carsen Edwards+Juancho Hernangomez / Juan Hernangomez,2021-09-15,Juancho Hernangomez / Juan Hernangomez,Carsen Edwards,Celtics Aquire: Juancho Hernangomez / Juan Hernangomez | Grizzlies Aquire: Carsen Edwards,"['Celtics', 'Grizzlies']",True,False
2021-10-06_Nets_Pacers=Edmond Sumner+Juan Vaulet / Juan Pablo Vaulet,2021-10-06,Edmond Sumner,Juan Vaulet / Juan Pablo Vaulet,Nets Aquire: Edmond Sumner | Pacers Aquire: Rights to Juan Vaulet / Juan Pablo Vaulet,"['Nets', 'Pacers']",True,True
2022-01-03_Cavaliers_Knicks_Lakers=Denzel Valentine+Rajon Rondo,2022-01-03,Rajon Rondo,Denzel Valentine,Cavaliers Aquire: Rajon Rondo | Knicks Aquire: Denzel Valentine,"['Lakers', 'Cavaliers', 'Knicks']",True,False
2022-01-03_Cavaliers_Knicks_Lakers=Denzel Valentine+Louis Labeyrie,2022-01-03,Denzel Valentine,Louis Labeyrie,Knicks Aquire: Denzel Valentine | Lakers Aquire: Rights to Louis Labeyrie,"['Lakers', 'Cavaliers', 'Knicks']",True,True
2022-01-03_Cavaliers_Knicks_Lakers=Louis Labeyrie+Wang Zhelin,2022-01-03,Wang Zhelin,Louis Labeyrie,Knicks Aquire: Rights to Wang Zhelin | Lakers Aquire: Rights to Louis Labeyrie,"['Lakers', 'Cavaliers', 'Knicks']",False,True
2022-01-03_Cavaliers_Knicks_Lakers=Brad Newley+Louis Labeyrie,2022-01-03,Brad Newley,Louis Labeyrie,Knicks Aquire: Rights to Brad Newley | Lakers Aquire: Rights to Louis Labeyrie,"['Lakers', 'Cavaliers', 'Knicks']",False,True
2022-01-03_Cavaliers_Knicks_Lakers=Louis Labeyrie+Rajon Rondo,2022-01-03,Louis Labeyrie,Rajon Rondo,Lakers Aquire: Rights to Louis Labeyrie | Cavaliers Aquire: Rajon Rondo,"['Lakers', 'Cavaliers', 'Knicks']",True,True
2022-01-10_Nuggets_Pistons=Bol Bol+Rodney McGruder,2022-01-10,Rodney McGruder,Bol Bol,Nuggets Aquire: Rodney McGruder | Pistons Aquire: Bol Bol,"['Nuggets', 'Pistons']",True,False
2022-01-13_None_None=Bol Bol+Rodney McGruder,2022-01-13,Bol Bol,Rodney McGruder,None Aquire: Bol Bol | None Aquire: Rodney McGruder,"['None', 'None']",True,False
2022-01-13_Hawks_Knicks=Cameron Reddish / Cam Reddish+Kevin Knox II,2022-01-13,Kevin Knox II,Cameron Reddish / Cam Reddish,Hawks Aquire: Kevin Knox II | Knicks Aquire: Cameron Reddish / Cam Reddish,"['Hawks', 'Knicks']",True,False
2022-01-13_Hawks_Knicks=Kevin Knox II+Solomon Hill,2022-01-13,Kevin Knox II,Solomon Hill,Hawks Aquire: Kevin Knox II | Knicks Aquire: Solomon Hill,"['Hawks', 'Knicks']",True,False
2022-01-19_Celtics_Nuggets_Spurs=Bol Bol+Juancho Hernangomez / Juan Hernangomez,2022-01-19,Bol Bol,Juancho Hernangomez / Juan Hernangomez,Celtics Aquire: Bol Bol | Spurs Aquire: Juancho Hernangomez / Juan Hernangomez,"['Spurs', 'Celtics', 'Nuggets']",True,False
2022-01-19_Celtics_Nuggets_Spurs=Juancho Hernangomez / Juan Hernangomez+P.J. Dozier,2022-01-19,P.J. Dozier,Juancho Hernangomez / Juan Hernangomez,Celtics Aquire: P.J. Dozier | Spurs Aquire: Juancho Hernangomez / Juan Hernangomez,"['Spurs', 'Celtics', 'Nuggets']",True,False
2022-01-19_Celtics_Nuggets_Spurs=Bol Bol+Bryn Forbes,2022-01-19,Bryn Forbes,Bol Bol,Nuggets Aquire: Bryn Forbes | Celtics Aquire: Bol Bol,"['Spurs', 'Celtics', 'Nuggets']",True,False
2022-01-19_Celtics_Nuggets_Spurs=Bryn Forbes+P.J. Dozier,2022-01-19,Bryn Forbes,P.J. Dozier,Nuggets Aquire: Bryn Forbes | Celtics Aquire: P.J. Dozier,"['Spurs', 'Celtics', 'Nuggets']",True,False
2022-01-19_Celtics_Nuggets_Spurs=Bryn Forbes+Juancho Hernangomez / Juan Hernangomez,2022-01-19,Juancho Hernangomez / Juan Hernangomez,Bryn Forbes,Spurs Aquire: Juancho Hernangomez / Juan Hernangomez | Nuggets Aquire: Bryn Forbes,"['Spurs', 'Celtics', 'Nuggets']",True,False
2022-02-04_Blazers_Clippers=Eric Bledsoe+Norman Powell,2022-02-04,Eric Bledsoe,Norman Powell,Blazers Aquire: Eric Bledsoe | Clippers Aquire: Norman Powell,"['Blazers', 'Clippers']",True,False
2022-02-04_Blazers_Clippers=Eric Bledsoe+Robert Covington,2022-02-04,Eric Bledsoe,Robert Covington,Blazers Aquire: Eric Bledsoe | Clippers Aquire: Robert Covington,"['Blazers', 'Clippers']",True,False
2022-02-04_Blazers_Clippers=Justise Winslow+Norman Powell,2022-02-04,Justise Winslow,Norman Powell,Blazers Aquire: Justise Winslow | Clippers Aquire: Norman Powell,"['Blazers', 'Clippers']",True,False
2022-02-04_Blazers_Clippers=Justise Winslow+Robert Covington,2022-02-04,Justise Winslow,Robert Covington,Blazers Aquire: Justise Winslow | Clippers Aquire: Robert Covington,"['Blazers', 'Clippers']",True,False
2022-02-04_Blazers_Clippers=Keon Johnson+Norman Powell,2022-02-04,Keon Johnson,Norman Powell,Blazers Aquire: Keon Johnson | Clippers Aquire: Norman Powell,"['Blazers', 'Clippers']",True,False
2022-02-04_Blazers_Clippers=Keon Johnson+Robert Covington,2022-02-04,Keon Johnson,Robert Covington,Blazers Aquire: Keon Johnson | Clippers Aquire: Robert Covington,"['Blazers', 'Clippers']",True,False
2022-02-07_Cavaliers_Pacers=Caris LeVert+Ricky Rubio,2022-02-07,Caris LeVert,Ricky Rubio,Cavaliers Aquire: Caris LeVert | Pacers Aquire: Ricky Rubio,"['Cavaliers', 'Pacers']",True,False
2022-02-07_Cavaliers_Pacers=Andrew Nembhard+Caris LeVert,2022-02-07,Caris LeVert,Andrew Nembhard,Cavaliers Aquire: Caris LeVert | Pacers Aquire: 2022 second round pick (#31-Andrew Nembhard),"['Cavaliers', 'Pacers']",True,True
2022-02-07_Cavaliers_Pacers=Luke Travers+Ricky Rubio,2022-02-07,Luke Travers,Ricky Rubio,Cavaliers Aquire: 2022 second round pick (#58-Luke Travers) | Pacers Aquire: Ricky Rubio,"['Cavaliers', 'Pacers']",True,True
2022-02-07_Cavaliers_Pacers=Andrew Nembhard+Luke Travers,2022-02-07,Luke Travers,Andrew Nembhard,Cavaliers Aquire: 2022 second round pick (#58-Luke Travers) | Pacers Aquire: 2022 second round pick (#31-Andrew Nembhard),"['Cavaliers', 'Pacers']",False,True
2022-02-08_Kings_Pacers=Domantas Sabonis+Tyrese Haliburton,2022-02-08,Domantas Sabonis,Tyrese Haliburton,Kings Aquire: Domantas Sabonis | Pacers Aquire: Tyrese Haliburton,"['Kings', 'Pacers']",True,False
2022-02-08_Kings_Pacers=Buddy Hield+Domantas Sabonis,2022-02-08,Domantas Sabonis,Buddy Hield,Kings Aquire: Domantas Sabonis | Pacers Aquire: Buddy Hield,"['Kings', 'Pacers']",True,False
2022-02-08_Kings_Pacers=Domantas Sabonis+Tristan Thompson,2022-02-08,Domantas Sabonis,Tristan Thompson,Kings Aquire: Domantas Sabonis | Pacers Aquire: Tristan Thompson,"['Kings', 'Pacers']",True,False
2022-02-08_Kings_Pacers=Justin Holiday+Tyrese Haliburton,2022-02-08,Justin Holiday,Tyrese Haliburton,Kings Aquire: Justin Holiday | Pacers Aquire: Tyrese Haliburton,"['Kings', 'Pacers']",True,False
2022-02-08_Kings_Pacers=Buddy Hield+Justin Holiday,2022-02-08,Justin Holiday,Buddy Hield,Kings Aquire: Justin Holiday | Pacers Aquire: Buddy Hield,"['Kings', 'Pacers']",True,False
2022-02-08_Kings_Pacers=Justin Holiday+Tristan Thompson,2022-02-08,Justin Holiday,Tristan Thompson,Kings Aquire: Justin Holiday | Pacers Aquire: Tristan Thompson,"['Kings', 'Pacers']",True,False
2022-02-08_Kings_Pacers=Jeremy Lamb+Tyrese Haliburton,2022-02-08,Jeremy Lamb,Tyrese Haliburton,Kings Aquire: Jeremy Lamb | Pacers Aquire: Tyrese Haliburton,"['Kings', 'Pacers']",True,False
2022-02-08_Kings_Pacers=Buddy Hield+Jeremy Lamb,2022-02-08,Jeremy Lamb,Buddy Hield,Kings Aquire: Jeremy Lamb | Pacers Aquire: Buddy Hield,"['Kings', 'Pacers']",True,False
2022-02-08_Kings_Pacers=Jeremy Lamb+Tristan Thompson,2022-02-08,Jeremy Lamb,Tristan Thompson,Kings Aquire: Jeremy Lamb | Pacers Aquire: Tristan Thompson,"['Kings', 'Pacers']",True,False
2022-02-08_Blazers_Pelicans=C.J. McCollum+Josh Hart,2022-02-08,Josh Hart,C.J. McCollum,Blazers Aquire: Josh Hart | Pelicans Aquire: C.J. McCollum,"['Blazers', 'Pelicans']",True,False
2022-02-08_Blazers_Pelicans=Josh Hart+Larry Nance Jr.,2022-02-08,Josh Hart,Larry Nance Jr.,Blazers Aquire: Josh Hart | Pelicans Aquire: Larry Nance Jr.,"['Blazers', 'Pelicans']",True,False
2022-02-08_Blazers_Pelicans=Josh Hart+Tony Snell,2022-02-08,Josh Hart,Tony Snell,Blazers Aquire: Josh Hart | Pelicans Aquire: Tony Snell,"['Blazers', 'Pelicans']",True,False
2022-02-08_Blazers_Pelicans=C.J. McCollum+Nickeil Alexander-Walker,2022-02-08,Nickeil Alexander-Walker,C.J. McCollum,Blazers Aquire: Nickeil Alexander-Walker | Pelicans Aquire: C.J. McCollum,"['Blazers', 'Pelicans']",True,False
2022-02-08_Blazers_Pelicans=Larry Nance Jr.+Nickeil Alexander-Walker,2022-02-08,Nickeil Alexander-Walker,Larry Nance Jr.,Blazers Aquire: Nickeil Alexander-Walker | Pelicans Aquire: Larry Nance Jr.,"['Blazers', 'Pelicans']",True,False
2022-02-08_Blazers_Pelicans=Nickeil Alexander-Walker+Tony Snell,2022-02-08,Nickeil Alexander-Walker,Tony Snell,Blazers Aquire: Nickeil Alexander-Walker | Pelicans Aquire: Tony Snell,"['Blazers', 'Pelicans']",True,False
2022-02-08_Blazers_Pelicans=C.J. McCollum+Tomas Satoransky,2022-02-08,Tomas Satoransky,C.J. McCollum,Blazers Aquire: Tomas Satoransky | Pelicans Aquire: C.J. McCollum,"['Blazers', 'Pelicans']",True,False
2022-02-08_Blazers_Pelicans=Larry Nance Jr.+Tomas Satoransky,2022-02-08,Tomas Satoransky,Larry Nance Jr.,Blazers Aquire: Tomas Satoransky | Pelicans Aquire: Larry Nance Jr.,"['Blazers', 'Pelicans']",True,False
2022-02-08_Blazers_Pelicans=Tomas Satoransky+Tony Snell,2022-02-08,Tomas Satoransky,Tony Snell,Blazers Aquire: Tomas Satoransky | Pelicans Aquire: Tony Snell,"['Blazers', 'Pelicans']",True,False
2022-02-08_Blazers_Pelicans=C.J. McCollum+Marcos Louzada Silva / Didi Louzada Silva / Didi Louzada,2022-02-08,Marcos Louzada Silva / Didi Louzada Silva / Didi Louzada,C.J. McCollum,Blazers Aquire: Marcos Louzada Silva / Didi Louzada Silva / Didi Louzada | Pelicans Aquire: C.J. McCollum,"['Blazers', 'Pelicans']",True,False
2022-02-08_Blazers_Pelicans=Larry Nance Jr.+Marcos Louzada Silva / Didi Louzada Silva / Didi Louzada,2022-02-08,Marcos Louzada Silva / Didi Louzada Silva / Didi Louzada,Larry Nance Jr.,Blazers Aquire: Marcos Louzada Silva / Didi Louzada Silva / Didi Louzada | Pelicans Aquire: Larry Nance Jr.,"['Blazers', 'Pelicans']",True,False
2022-02-08_Blazers_Pelicans=Marcos Louzada Silva / Didi Louzada Silva / Didi Louzada+Tony Snell,2022-02-08,Marcos Louzada Silva / Didi Louzada Silva / Didi Louzada,Tony Snell,Blazers Aquire: Marcos Louzada Silva / Didi Louzada Silva / Didi Louzada | Pelicans Aquire: Tony Snell,"['Blazers', 'Pelicans']",True,False
2022-02-09_Blazers_Jazz_Spurs=Joe Ingles+Nickeil Alexander-Walker,2022-02-09,Joe Ingles,Nickeil Alexander-Walker,Blazers Aquire: Joe Ingles | Jazz Aquire: Nickeil Alexander-Walker,"['Spurs', 'Blazers', 'Jazz']",True,False
2022-02-09_Blazers_Jazz_Spurs=Joe Ingles+Tomas Satoransky,2022-02-09,Joe Ingles,Tomas Satoransky,Blazers Aquire: Joe Ingles | Spurs Aquire: Tomas Satoransky,"['Spurs', 'Blazers', 'Jazz']",True,False
2022-02-09_Blazers_Jazz_Spurs=Elijah Hughes+Nickeil Alexander-Walker,2022-02-09,Elijah Hughes,Nickeil Alexander-Walker,Blazers Aquire: Elijah Hughes | Jazz Aquire: Nickeil Alexander-Walker,"['Spurs', 'Blazers', 'Jazz']",True,False
2022-02-09_Blazers_Jazz_Spurs=Elijah Hughes+Tomas Satoransky,2022-02-09,Elijah Hughes,Tomas Satoransky,Blazers Aquire: Elijah Hughes | Spurs Aquire: Tomas Satoransky,"['Spurs', 'Blazers', 'Jazz']",True,False
2022-02-09_Blazers_Jazz_Spurs=Jabari Walker+Nickeil Alexander-Walker,2022-02-09,Jabari Walker,Nickeil Alexander-Walker,Blazers Aquire: 2022 second round pick (from Jazz) (#59-Jabari Walker) | Jazz Aquire: Nickeil Alexander-Walker,"['Spurs', 'Blazers', 'Jazz']",True,True
2022-02-09_Blazers_Jazz_Spurs=Jabari Walker+Tomas Satoransky,2022-02-09,Jabari Walker,Tomas Satoransky,Blazers Aquire: 2022 second round pick (from Jazz) (#59-Jabari Walker) | Spurs Aquire: Tomas Satoransky,"['Spurs', 'Blazers', 'Jazz']",True,True
2022-02-09_Blazers_Jazz_Spurs=Nickeil Alexander-Walker+Pacers,2022-02-09,Nickeil Alexander-Walker,Pacers,Jazz Aquire: Nickeil Alexander-Walker | Unknown Aquire: Pacers,"['Spurs', 'Blazers', 'Jazz']",True,False
2022-02-09_Blazers_Jazz_Spurs=Nickeil Alexander-Walker+Rockets,2022-02-09,Nickeil Alexander-Walker,Rockets,Jazz Aquire: Nickeil Alexander-Walker | Unknown Aquire: Rockets,"['Spurs', 'Blazers', 'Jazz']",True,False
2022-02-09_Blazers_Jazz_Spurs=Nickeil Alexander-Walker+Thunder picks) (?-?),2022-02-09,Nickeil Alexander-Walker,Thunder picks) (?-?),Jazz Aquire: Nickeil Alexander-Walker | Unknown Aquire: Thunder picks) (?-?),"['Spurs', 'Blazers', 'Jazz']",True,False
2022-02-09_Blazers_Jazz_Spurs=Joe Ingles+Juancho Hernangomez / Juan Hernangomez,2022-02-09,Juancho Hernangomez / Juan Hernangomez,Joe Ingles,Jazz Aquire: Juancho Hernangomez / Juan Hernangomez | Blazers Aquire: Joe Ingles,"['Spurs', 'Blazers', 'Jazz']",True,False
2022-02-09_Blazers_Jazz_Spurs=Jabari Walker+Juancho Hernangomez / Juan Hernangomez,2022-02-09,Juancho Hernangomez / Juan Hernangomez,Jabari Walker,Jazz Aquire: Juancho Hernangomez / Juan Hernangomez | Blazers Aquire: 2022 second round pick (#59-Jabari Walker),"['Spurs', 'Blazers', 'Jazz']",True,True
2022-02-09_Blazers_Jazz_Spurs=Juancho Hernangomez / Juan Hernangomez+Pacers,2022-02-09,Juancho Hernangomez / Juan Hernangomez,Pacers,Jazz Aquire: Juancho Hernangomez / Juan Hernangomez | Unknown Aquire: Pacers,"['Spurs', 'Blazers', 'Jazz']",True,False
2022-02-09_Blazers_Jazz_Spurs=Juancho Hernangomez / Juan Hernangomez+Rockets,2022-02-09,Juancho Hernangomez / Juan Hernangomez,Rockets,Jazz Aquire: Juancho Hernangomez / Juan Hernangomez | Unknown Aquire: Rockets,"['Spurs', 'Blazers', 'Jazz']",True,False
2022-02-09_Blazers_Jazz_Spurs=Juancho Hernangomez / Juan Hernangomez+Thunder picks) (?-?),2022-02-09,Juancho Hernangomez / Juan Hernangomez,Thunder picks) (?-?),Jazz Aquire: Juancho Hernangomez / Juan Hernangomez | Unknown Aquire: Thunder picks) (?-?),"['Spurs', 'Blazers', 'Jazz']",True,False
2022-02-09_Blazers_Jazz_Spurs=Juancho Hernangomez / Juan Hernangomez+Tomas Satoransky,2022-02-09,Tomas Satoransky,Juancho Hernangomez / Juan Hernangomez,Spurs Aquire: Tomas Satoransky | Jazz Aquire: Juancho Hernangomez / Juan Hernangomez,"['Spurs', 'Blazers', 'Jazz']",True,False
2022-02-10_Raptors_Spurs=Goran Dragic+Thaddeus Young,2022-02-10,Thaddeus Young,Goran Dragic,Raptors Aquire: Thaddeus Young | Spurs Aquire: Goran Dragic,"['Raptors', 'Spurs']",True,False
2022-02-10_Raptors_Spurs=Malaki Branham+Thaddeus Young,2022-02-10,Thaddeus Young,Malaki Branham,"Raptors Aquire: Thaddeus Young | Spurs Aquire: draft pick(s) (first round pick protected top 14 in 2022, top 13 in 2023, else 2023 second round pick, 2026 second round pick) (2022 #20-Malaki Branham)","['Raptors', 'Spurs']",True,True
2022-02-10_Raptors_Spurs=Drew Eubanks+Goran Dragic,2022-02-10,Drew Eubanks,Goran Dragic,Raptors Aquire: Drew Eubanks | Spurs Aquire: Goran Dragic,"['Raptors', 'Spurs']",True,False
2022-02-10_Raptors_Spurs=Drew Eubanks+Malaki Branham,2022-02-10,Drew Eubanks,Malaki Branham,"Raptors Aquire: Drew Eubanks | Spurs Aquire: draft pick(s) (first round pick protected top 14 in 2022, top 13 in 2023, else 2023 second round pick, 2026 second round pick) (2022 #20-Malaki Branham)","['Raptors', 'Spurs']",True,True
2022-02-10_Raptors_Spurs=Christian Koloko+Goran Dragic,2022-02-10,Christian Koloko,Goran Dragic,"Raptors Aquire: 2022 second round pick (more favorable of Bulls, Pistons picks) (#33-Christian Koloko) | Spurs Aquire: Goran Dragic","['Raptors', 'Spurs']",True,True
2022-02-10_Raptors_Spurs=Christian Koloko+Malaki Branham,2022-02-10,Christian Koloko,Malaki Branham,"Raptors Aquire: 2022 second round pick (more favorable of Bulls, Pistons picks) (#33-Christian Koloko) | Spurs Aquire: draft pick(s) (first round pick protected top 14 in 2022, top 13 in 2023, else 2023 second round pick, 2026 second round pick) (2022 #20-Malaki Branham)","['Raptors', 'Spurs']",False,True
2022-02-10_Pacers_Suns=Jalen Smith+Torrey Craig,2022-02-10,Jalen Smith,Torrey Craig,Pacers Aquire: Jalen Smith | Suns Aquire: Torrey Craig,"['Pacers', 'Suns']",True,False
2022-02-10_Pacers_Suns=Hugo Besson+Torrey Craig,2022-02-10,Hugo Besson,Torrey Craig,Pacers Aquire: 2022 second round pick (#60-Hugo Besson) | Suns Aquire: Torrey Craig,"['Pacers', 'Suns']",True,True
2022-02-10_Hornets_Wizards=Montrezl Harrell+Vernon Carey Jr.,2022-02-10,Montrezl Harrell,Vernon Carey Jr.,Hornets Aquire: Montrezl Harrell | Wizards Aquire: Vernon Carey Jr.,"['Hornets', 'Wizards']",True,False
2022-02-10_Hornets_Wizards=Ishmael Smith / Ish Smith+Montrezl Harrell,2022-02-10,Montrezl Harrell,Ishmael Smith / Ish Smith,Hornets Aquire: Montrezl Harrell | Wizards Aquire: Ishmael Smith / Ish Smith,"['Hornets', 'Wizards']",True,False
2022-02-10_Bucks_Clippers_Kings_Pistons=Rodney Hood+Serge Ibaka,2022-02-10,Serge Ibaka,Rodney Hood,Bucks Aquire: Serge Ibaka | Clippers Aquire: Rodney Hood,"['Pistons', 'Bucks', 'Clippers', 'Kings']",True,False
2022-02-10_Bucks_Clippers_Kings_Pistons=Semi Ojeleye+Serge Ibaka,2022-02-10,Serge Ibaka,Semi Ojeleye,Bucks Aquire: Serge Ibaka | Clippers Aquire: Semi Ojeleye,"['Pistons', 'Bucks', 'Clippers', 'Kings']",True,False
2022-02-10_Bucks_Clippers_Kings_Pistons=Donte DiVincenzo+Serge Ibaka,2022-02-10,Serge Ibaka,Donte DiVincenzo,Bucks Aquire: Serge Ibaka | Kings Aquire: Donte DiVincenzo,"['Pistons', 'Bucks', 'Clippers', 'Kings']",True,False
2022-02-10_Bucks_Clippers_Kings_Pistons=David Michineau+Rodney Hood,2022-02-10,Rodney Hood,David Michineau,Clippers Aquire: Rodney Hood | Kings Aquire: Rights to David Michineau,"['Pistons', 'Bucks', 'Clippers', 'Kings']",True,True
2022-02-10_Bucks_Clippers_Kings_Pistons=David Michineau+Semi Ojeleye,2022-02-10,Semi Ojeleye,David Michineau,Clippers Aquire: Semi Ojeleye | Kings Aquire: Rights to David Michineau,"['Pistons', 'Bucks', 'Clippers', 'Kings']",True,True
2022-02-10_Bucks_Clippers_Kings_Pistons=Serge Ibaka+Vanja Marinkovic,2022-02-10,Vanja Marinkovic,Serge Ibaka,Clippers Aquire: Rights to Vanja Marinkovic | Bucks Aquire: Serge Ibaka,"['Pistons', 'Bucks', 'Clippers', 'Kings']",True,True
2022-02-10_Bucks_Clippers_Kings_Pistons=David Michineau+Vanja Marinkovic,2022-02-10,Vanja Marinkovic,David Michineau,Clippers Aquire: Rights to Vanja Marinkovic | Kings Aquire: Rights to David Michineau,"['Pistons', 'Bucks', 'Clippers', 'Kings']",False,True
2022-02-10_Bucks_Clippers_Kings_Pistons=Donte DiVincenzo+Marvin Bagley III,2022-02-10,Donte DiVincenzo,Marvin Bagley III,Kings Aquire: Donte DiVincenzo | Pistons Aquire: Marvin Bagley III,"['Pistons', 'Bucks', 'Clippers', 'Kings']",True,False
2022-02-10_Bucks_Clippers_Kings_Pistons=Donte DiVincenzo+Vanja Marinkovic,2022-02-10,Donte DiVincenzo,Vanja Marinkovic,Kings Aquire: Donte DiVincenzo | Clippers Aquire: Rights to Vanja Marinkovic,"['Pistons', 'Bucks', 'Clippers', 'Kings']",True,True
2022-02-10_Bucks_Clippers_Kings_Pistons=Josh Jackson+Marvin Bagley III,2022-02-10,Josh Jackson,Marvin Bagley III,Kings Aquire: Josh Jackson | Pistons Aquire: Marvin Bagley III,"['Pistons', 'Bucks', 'Clippers', 'Kings']",True,False
2022-02-10_Bucks_Clippers_Kings_Pistons=Josh Jackson+Vanja Marinkovic,2022-02-10,Josh Jackson,Vanja Marinkovic,Kings Aquire: Josh Jackson | Clippers Aquire: Rights to Vanja Marinkovic,"['Pistons', 'Bucks', 'Clippers', 'Kings']",True,True
2022-02-10_Bucks_Clippers_Kings_Pistons=Marvin Bagley III+Trey Lyles,2022-02-10,Trey Lyles,Marvin Bagley III,Kings Aquire: Trey Lyles | Pistons Aquire: Marvin Bagley III,"['Pistons', 'Bucks', 'Clippers', 'Kings']",True,False
2022-02-10_Bucks_Clippers_Kings_Pistons=Trey Lyles+Vanja Marinkovic,2022-02-10,Trey Lyles,Vanja Marinkovic,Kings Aquire: Trey Lyles | Clippers Aquire: Rights to Vanja Marinkovic,"['Pistons', 'Bucks', 'Clippers', 'Kings']",True,True
2022-02-10_Bucks_Clippers_Kings_Pistons=David Michineau+Marvin Bagley III,2022-02-10,David Michineau,Marvin Bagley III,Kings Aquire: Rights to David Michineau | Pistons Aquire: Marvin Bagley III,"['Pistons', 'Bucks', 'Clippers', 'Kings']",True,True
2022-02-10_Celtics_Rockets=Daniel Theis+Dennis Schrder,2022-02-10,Daniel Theis,Dennis Schrder,Celtics Aquire: Daniel Theis | Rockets Aquire: Dennis Schrder,"['Celtics', 'Rockets']",True,False
2022-02-10_Celtics_Rockets=Daniel Theis+Enes Freedom / Enes Kanter,2022-02-10,Daniel Theis,Enes Freedom / Enes Kanter,Celtics Aquire: Daniel Theis | Rockets Aquire: Enes Freedom / Enes Kanter,"['Celtics', 'Rockets']",True,False
2022-02-10_Celtics_Rockets=Bruno Fernando+Daniel Theis,2022-02-10,Daniel Theis,Bruno Fernando,Celtics Aquire: Daniel Theis | Rockets Aquire: Bruno Fernando,"['Celtics', 'Rockets']",True,False
2022-02-10_Celtics_Spurs=Derrick White+Josh Richardson,2022-02-10,Derrick White,Josh Richardson,Celtics Aquire: Derrick White | Spurs Aquire: Josh Richardson,"['Celtics', 'Spurs']",True,False
2022-02-10_Celtics_Spurs=Derrick White+Romeo Langford,2022-02-10,Derrick White,Romeo Langford,Celtics Aquire: Derrick White | Spurs Aquire: Romeo Langford,"['Celtics', 'Spurs']",True,False
2022-02-10_Celtics_Spurs=Blake Wesley+Derrick White,2022-02-10,Derrick White,Blake Wesley,"Celtics Aquire: Derrick White | Spurs Aquire: draft pick (from Celtics) (first round pick protected top 4 in 2022-23, else 2023 second round pick) (2022 #25-Blake Wesley)","['Celtics', 'Spurs']",True,True
2022-02-10_Mavericks_Wizards=Kristaps Porzingis+Spencer Dinwiddie,2022-02-10,Spencer Dinwiddie,Kristaps Porzingis,Mavericks Aquire: Spencer Dinwiddie | Wizards Aquire: Kristaps Porzingis,"['Mavericks', 'Wizards']",True,False
2022-02-10_Mavericks_Wizards=Spencer Dinwiddie+Yannick Nzosa,2022-02-10,Spencer Dinwiddie,Yannick Nzosa,Mavericks Aquire: Spencer Dinwiddie | Wizards Aquire: 2022 second round pick (protected top 45) (#56-Yannick Nzosa),"['Mavericks', 'Wizards']",True,True
2022-02-10_Mavericks_Wizards=Davis Bertans+Kristaps Porzingis,2022-02-10,Davis Bertans,Kristaps Porzingis,Mavericks Aquire: Davis Bertans | Wizards Aquire: Kristaps Porzingis,"['Mavericks', 'Wizards']",True,False
2022-02-10_Mavericks_Wizards=Davis Bertans+Yannick Nzosa,2022-02-10,Davis Bertans,Yannick Nzosa,Mavericks Aquire: Davis Bertans | Wizards Aquire: 2022 second round pick (protected top 45) (#56-Yannick Nzosa),"['Mavericks', 'Wizards']",True,True
2022-02-10_76ers_Nets=Ben Simmons+James Harden,2022-02-10,James Harden,Ben Simmons,76ers Aquire: James Harden | Nets Aquire: Ben Simmons,"['76ers', 'Nets']",True,False
2022-02-10_76ers_Nets=James Harden+Seth Curry,2022-02-10,James Harden,Seth Curry,76ers Aquire: James Harden | Nets Aquire: Seth Curry,"['76ers', 'Nets']",True,False
2022-02-10_76ers_Nets=Andre Drummond+James Harden,2022-02-10,James Harden,Andre Drummond,76ers Aquire: James Harden | Nets Aquire: Andre Drummond,"['76ers', 'Nets']",True,False
2022-02-10_76ers_Nets=Ben Simmons+Paul Millsap,2022-02-10,Paul Millsap,Ben Simmons,76ers Aquire: Paul Millsap | Nets Aquire: Ben Simmons,"['76ers', 'Nets']",True,False
2022-02-10_76ers_Nets=Paul Millsap+Seth Curry,2022-02-10,Paul Millsap,Seth Curry,76ers Aquire: Paul Millsap | Nets Aquire: Seth Curry,"['76ers', 'Nets']",True,False
2022-02-10_76ers_Nets=Andre Drummond+Paul Millsap,2022-02-10,Paul Millsap,Andre Drummond,76ers Aquire: Paul Millsap | Nets Aquire: Andre Drummond,"['76ers', 'Nets']",True,False
2022-06-23_Hawks_Warriors=Ryan Rollins+Tyrese Martin,2022-06-23,Tyrese Martin,Ryan Rollins,Hawks Aquire: Rights to Tyrese Martin | Warriors Aquire: Rights to Ryan Rollins,"['Hawks', 'Warriors']",False,True
2022-06-23_Cavaliers_Kings=Aleksandar Vezenkov+Isaiah Mobley,2022-06-23,Isaiah Mobley,Aleksandar Vezenkov,Cavaliers Aquire: 2022 second round pick (#49-Isaiah Mobley) | Kings Aquire: Rights to Aleksandar Vezenkov,"['Cavaliers', 'Kings']",False,True
2022-06-23_Hornets_Timberwolves=Bryce McGowens+Josh Minott,2022-06-23,Bryce McGowens,Josh Minott,Hornets Aquire: Rights to Bryce McGowens | Timberwolves Aquire: Rights to Josh Minott,"['Hornets', 'Timberwolves']",False,True
2022-06-23_Nuggets_Thunder=JaMychal Green+Peyton Watson,2022-06-23,Peyton Watson,JaMychal Green,Nuggets Aquire: Rights to Peyton Watson | Thunder Aquire: JaMychal Green,"['Nuggets', 'Thunder']",True,True
2022-06-24_Grizzlies_Timberwolves=Jake LaRavia+Walker Kessler,2022-06-24,Jake LaRavia,Walker Kessler,Grizzlies Aquire: Rights to Jake LaRavia | Timberwolves Aquire: Rights to Walker Kessler,"['Grizzlies', 'Timberwolves']",False,True
2022-06-24_Grizzlies_Timberwolves=Jake LaRavia+TyTy Washington Jr.,2022-06-24,Jake LaRavia,TyTy Washington Jr.,Grizzlies Aquire: Rights to Jake LaRavia | Timberwolves Aquire: Rights to TyTy Washington Jr.,"['Grizzlies', 'Timberwolves']",False,True
2022-06-24_Mavericks_Rockets=Christian Wood+Sterling Brown,2022-06-24,Christian Wood,Sterling Brown,Mavericks Aquire: Christian Wood | Rockets Aquire: Sterling Brown,"['Mavericks', 'Rockets']",True,False
2022-06-24_Mavericks_Rockets=Christian Wood+Marquese Chriss,2022-06-24,Christian Wood,Marquese Chriss,Mavericks Aquire: Christian Wood | Rockets Aquire: Marquese Chriss,"['Mavericks', 'Rockets']",True,False
2022-06-24_Mavericks_Rockets=Boban Marjanovic+Christian Wood,2022-06-24,Christian Wood,Boban Marjanovic,Mavericks Aquire: Christian Wood | Rockets Aquire: Boban Marjanovic,"['Mavericks', 'Rockets']",True,False
2022-06-24_Mavericks_Rockets=Christian Wood+Trey Burke,2022-06-24,Christian Wood,Trey Burke,Mavericks Aquire: Christian Wood | Rockets Aquire: Trey Burke,"['Mavericks', 'Rockets']",True,False
2022-06-24_Mavericks_Rockets=Christian Wood+Wendell Moore Jr.,2022-06-24,Christian Wood,Wendell Moore Jr.,Mavericks Aquire: Christian Wood | Rockets Aquire: Rights to Wendell Moore Jr.,"['Mavericks', 'Rockets']",True,True
2022-06-24_Rockets_Timberwolves=TyTy Washington Jr.+Wendell Moore Jr.,2022-06-24,TyTy Washington Jr.,Wendell Moore Jr.,Rockets Aquire: Rights to TyTy Washington Jr. | Timberwolves Aquire: Rights to Wendell Moore Jr.,"['Rockets', 'Timberwolves']",False,True
2022-06-24_76ers_Grizzlies=Danny Green+De'Anthony Melton,2022-06-24,De'Anthony Melton,Danny Green,76ers Aquire: De'Anthony Melton | Grizzlies Aquire: Danny Green,"['76ers', 'Grizzlies']",True,False
2022-06-24_76ers_Grizzlies=David Roddy+De'Anthony Melton,2022-06-24,De'Anthony Melton,David Roddy,76ers Aquire: De'Anthony Melton | Grizzlies Aquire: Rights to David Roddy,"['76ers', 'Grizzlies']",True,True
2022-06-30_Hawks_Spurs=Danilo Gallinari+Dejounte Murray,2022-06-30,Dejounte Murray,Danilo Gallinari,Hawks Aquire: Dejounte Murray | Spurs Aquire: Danilo Gallinari,"['Hawks', 'Spurs']",True,False
2022-06-30_Hawks_Spurs=Danilo Gallinari+Jock Landale,2022-06-30,Jock Landale,Danilo Gallinari,Hawks Aquire: Jock Landale | Spurs Aquire: Danilo Gallinari,"['Hawks', 'Spurs']",True,False
2022-07-06_Blazers_Pistons=Gabriele Procida+Jerami Grant,2022-07-06,Jerami Grant,Gabriele Procida,Blazers Aquire: Jerami Grant | Pistons Aquire: Rights to Gabriele Procida,"['Blazers', 'Pistons']",True,True
2022-07-06_Blazers_Pistons=Gabriele Procida+Ismael Kamagate,2022-07-06,Ismael Kamagate,Gabriele Procida,Blazers Aquire: Rights to Ismael Kamagate | Pistons Aquire: Rights to Gabriele Procida,"['Blazers', 'Pistons']",False,True
2022-07-06_Nuggets_Wizards=Kentavious Caldwell-Pope+Will Barton,2022-07-06,Kentavious Caldwell-Pope,Will Barton,Nuggets Aquire: Kentavious Caldwell-Pope | Wizards Aquire: Will Barton,"['Nuggets', 'Wizards']",True,False
2022-07-06_Nuggets_Wizards=Kentavious Caldwell-Pope+Monte Morris,2022-07-06,Kentavious Caldwell-Pope,Monte Morris,Nuggets Aquire: Kentavious Caldwell-Pope | Wizards Aquire: Monte Morris,"['Nuggets', 'Wizards']",True,False
2022-07-06_Nuggets_Wizards=Ishmael Smith / Ish Smith+Will Barton,2022-07-06,Ishmael Smith / Ish Smith,Will Barton,Nuggets Aquire: Ishmael Smith / Ish Smith | Wizards Aquire: Will Barton,"['Nuggets', 'Wizards']",True,False
2022-07-06_Nuggets_Wizards=Ishmael Smith / Ish Smith+Monte Morris,2022-07-06,Ishmael Smith / Ish Smith,Monte Morris,Nuggets Aquire: Ishmael Smith / Ish Smith | Wizards Aquire: Monte Morris,"['Nuggets', 'Wizards']",True,False
2022-07-06_Jazz_Timberwolves=Malik Beasley+Rudy Gobert,2022-07-06,Malik Beasley,Rudy Gobert,Jazz Aquire: Malik Beasley | Timberwolves Aquire: Rudy Gobert,"['Jazz', 'Timberwolves']",True,False
2022-07-06_Jazz_Timberwolves=Patrick Beverley+Rudy Gobert,2022-07-06,Patrick Beverley,Rudy Gobert,Jazz Aquire: Patrick Beverley | Timberwolves Aquire: Rudy Gobert,"['Jazz', 'Timberwolves']",True,False
2022-07-06_Jazz_Timberwolves=Leandro Bolmaro+Rudy Gobert,2022-07-06,Leandro Bolmaro,Rudy Gobert,Jazz Aquire: Leandro Bolmaro | Timberwolves Aquire: Rudy Gobert,"['Jazz', 'Timberwolves']",True,False
2022-07-06_Jazz_Timberwolves=Jarred Vanderbilt+Rudy Gobert,2022-07-06,Jarred Vanderbilt,Rudy Gobert,Jazz Aquire: Jarred Vanderbilt | Timberwolves Aquire: Rudy Gobert,"['Jazz', 'Timberwolves']",True,False
2022-07-06_Jazz_Timberwolves=Rudy Gobert+Walker Kessler,2022-07-06,Walker Kessler,Rudy Gobert,Jazz Aquire: Rights to Walker Kessler | Timberwolves Aquire: Rudy Gobert,"['Jazz', 'Timberwolves']",True,True
2022-07-06_Hawks_Kings=Justin Holiday+Kevin Huerter,2022-07-06,Justin Holiday,Kevin Huerter,Hawks Aquire: Justin Holiday | Kings Aquire: Kevin Huerter,"['Hawks', 'Kings']",True,False
2022-07-06_Hawks_Kings=Kevin Huerter+Maurice Harkless / Moe Harkless,2022-07-06,Maurice Harkless / Moe Harkless,Kevin Huerter,Hawks Aquire: Maurice Harkless / Moe Harkless | Kings Aquire: Kevin Huerter,"['Hawks', 'Kings']",True,False
2022-07-09_Celtics_Pacers=Aaron Nesmith+Malcolm Brogdon,2022-07-09,Malcolm Brogdon,Aaron Nesmith,Celtics Aquire: Malcolm Brogdon | Pacers Aquire: Aaron Nesmith,"['Celtics', 'Pacers']",True,False
2022-07-09_Celtics_Pacers=Daniel Theis+Malcolm Brogdon,2022-07-09,Malcolm Brogdon,Daniel Theis,Celtics Aquire: Malcolm Brogdon | Pacers Aquire: Daniel Theis,"['Celtics', 'Pacers']",True,False
2022-07-09_Celtics_Pacers=Malcolm Brogdon+Malik Fitts,2022-07-09,Malcolm Brogdon,Malik Fitts,Celtics Aquire: Malcolm Brogdon | Pacers Aquire: Malik Fitts,"['Celtics', 'Pacers']",True,False
2022-07-09_Celtics_Pacers=Juwan Morgan+Malcolm Brogdon,2022-07-09,Malcolm Brogdon,Juwan Morgan,Celtics Aquire: Malcolm Brogdon | Pacers Aquire: Juwan Morgan,"['Celtics', 'Pacers']",True,False
2022-07-09_Celtics_Pacers=Malcolm Brogdon+Nik Stauskas,2022-07-09,Malcolm Brogdon,Nik Stauskas,Celtics Aquire: Malcolm Brogdon | Pacers Aquire: Nik Stauskas,"['Celtics', 'Pacers']",True,False
2022-07-11_Knicks_Pistons=Alec Burks+Nikola Radicevic,2022-07-11,Nikola Radicevic,Alec Burks,Knicks Aquire: Rights to Nikola Radicevic | Pistons Aquire: Alec Burks,"['Knicks', 'Pistons']",True,True
2022-07-11_Knicks_Pistons=Nerlens Noel+Nikola Radicevic,2022-07-11,Nikola Radicevic,Nerlens Noel,Knicks Aquire: Rights to Nikola Radicevic | Pistons Aquire: Nerlens Noel,"['Knicks', 'Pistons']",True,True
2022-08-25_Jazz_Lakers=Patrick Beverley+Talen Horton-Tucker,2022-08-25,Talen Horton-Tucker,Patrick Beverley,Jazz Aquire: Talen Horton-Tucker | Lakers Aquire: Patrick Beverley,"['Jazz', 'Lakers']",True,False
2022-08-25_Jazz_Lakers=Patrick Beverley+Stanley Johnson,2022-08-25,Stanley Johnson,Patrick Beverley,Jazz Aquire: Stanley Johnson | Lakers Aquire: Patrick Beverley,"['Jazz', 'Lakers']",True,False
2022-09-03_Cavaliers_Jazz=Donovan Mitchell+Lauri Markkanen,2022-09-03,Donovan Mitchell,Lauri Markkanen,Cavaliers Aquire: Donovan Mitchell | Jazz Aquire: Lauri Markkanen,"['Cavaliers', 'Jazz']",True,False
2022-09-03_Cavaliers_Jazz=Collin Sexton+Donovan Mitchell,2022-09-03,Donovan Mitchell,Collin Sexton,Cavaliers Aquire: Donovan Mitchell | Jazz Aquire: Collin Sexton,"['Cavaliers', 'Jazz']",True,False
2022-09-03_Cavaliers_Jazz=Donovan Mitchell+Ochai Agbaji,2022-09-03,Donovan Mitchell,Ochai Agbaji,Cavaliers Aquire: Donovan Mitchell | Jazz Aquire: Ochai Agbaji,"['Cavaliers', 'Jazz']",True,False
2022-09-22_Jazz_Pistons=Bojan Bogdanovic+Kelly Olynyk,2022-09-22,Kelly Olynyk,Bojan Bogdanovic,Jazz Aquire: Kelly Olynyk | Pistons Aquire: Bojan Bogdanovic,"['Jazz', 'Pistons']",True,False
2022-09-22_Jazz_Pistons=Bojan Bogdanovic+Saben Lee,2022-09-22,Saben Lee,Bojan Bogdanovic,Jazz Aquire: Saben Lee | Pistons Aquire: Bojan Bogdanovic,"['Jazz', 'Pistons']",True,False
2022-09-27_Hawks_Thunder=Maurice Harkless / Moe Harkless+Vit Krejci,2022-09-27,Vit Krejci,Maurice Harkless / Moe Harkless,Hawks Aquire: Vit Krejci | Thunder Aquire: Maurice Harkless / Moe Harkless,"['Hawks', 'Thunder']",True,False
2022-09-29_Rockets_Thunder=David Nwaba+Derrick Favors,2022-09-29,Derrick Favors,David Nwaba,Rockets Aquire: Derrick Favors | Thunder Aquire: David Nwaba,"['Rockets', 'Thunder']",True,False
2022-09-29_Rockets_Thunder=Derrick Favors+Sterling Brown,2022-09-29,Derrick Favors,Sterling Brown,Rockets Aquire: Derrick Favors | Thunder Aquire: Sterling Brown,"['Rockets', 'Thunder']",True,False
2022-09-29_Rockets_Thunder=Derrick Favors+Trey Burke,2022-09-29,Derrick Favors,Trey Burke,Rockets Aquire: Derrick Favors | Thunder Aquire: Trey Burke,"['Rockets', 'Thunder']",True,False
2022-09-29_Rockets_Thunder=Derrick Favors+Marquese Chriss,2022-09-29,Derrick Favors,Marquese Chriss,Rockets Aquire: Derrick Favors | Thunder Aquire: Marquese Chriss,"['Rockets', 'Thunder']",True,False
2022-09-29_Rockets_Thunder=David Nwaba+Ty Jerome,2022-09-29,Ty Jerome,David Nwaba,Rockets Aquire: Ty Jerome | Thunder Aquire: David Nwaba,"['Rockets', 'Thunder']",True,False
2022-09-29_Rockets_Thunder=Sterling Brown+Ty Jerome,2022-09-29,Ty Jerome,Sterling Brown,Rockets Aquire: Ty Jerome | Thunder Aquire: Sterling Brown,"['Rockets', 'Thunder']",True,False
2022-09-29_Rockets_Thunder=Trey Burke+Ty Jerome,2022-09-29,Ty Jerome,Trey Burke,Rockets Aquire: Ty Jerome | Thunder Aquire: Trey Burke,"['Rockets', 'Thunder']",True,False
2022-09-29_Rockets_Thunder=Marquese Chriss+Ty Jerome,2022-09-29,Ty Jerome,Marquese Chriss,Rockets Aquire: Ty Jerome | Thunder Aquire: Marquese Chriss,"['Rockets', 'Thunder']",True,False
2022-09-29_Rockets_Thunder=David Nwaba+Theo Maledon,2022-09-29,Theo Maledon,David Nwaba,Rockets Aquire: Theo Maledon | Thunder Aquire: David Nwaba,"['Rockets', 'Thunder']",True,False
2022-09-29_Rockets_Thunder=Sterling Brown+Theo Maledon,2022-09-29,Theo Maledon,Sterling Brown,Rockets Aquire: Theo Maledon | Thunder Aquire: Sterling Brown,"['Rockets', 'Thunder']",True,False
2022-09-29_Rockets_Thunder=Theo Maledon+Trey Burke,2022-09-29,Theo Maledon,Trey Burke,Rockets Aquire: Theo Maledon | Thunder Aquire: Trey Burke,"['Rockets', 'Thunder']",True,False
2022-09-29_Rockets_Thunder=Marquese Chriss+Theo Maledon,2022-09-29,Theo Maledon,Marquese Chriss,Rockets Aquire: Theo Maledon | Thunder Aquire: Marquese Chriss,"['Rockets', 'Thunder']",True,False
2022-09-29_Rockets_Thunder=David Nwaba+Maurice Harkless / Moe Harkless,2022-09-29,Maurice Harkless / Moe Harkless,David Nwaba,Rockets Aquire: Maurice Harkless / Moe Harkless | Thunder Aquire: David Nwaba,"['Rockets', 'Thunder']",True,False
2022-09-29_Rockets_Thunder=Maurice Harkless / Moe Harkless+Sterling Brown,2022-09-29,Maurice Harkless / Moe Harkless,Sterling Brown,Rockets Aquire: Maurice Harkless / Moe Harkless | Thunder Aquire: Sterling Brown,"['Rockets', 'Thunder']",True,False
2022-09-29_Rockets_Thunder=Maurice Harkless / Moe Harkless+Trey Burke,2022-09-29,Maurice Harkless / Moe Harkless,Trey Burke,Rockets Aquire: Maurice Harkless / Moe Harkless | Thunder Aquire: Trey Burke,"['Rockets', 'Thunder']",True,False
2022-09-29_Rockets_Thunder=Marquese Chriss+Maurice Harkless / Moe Harkless,2022-09-29,Maurice Harkless / Moe Harkless,Marquese Chriss,Rockets Aquire: Maurice Harkless / Moe Harkless | Thunder Aquire: Marquese Chriss,"['Rockets', 'Thunder']",True,False
